Level 0;Level 1;Level 2;Level 3;Level 4;Level 5;Level 6;
20k интернет магазин;http://20k.com.ua;;;;;;
;Автотовары;http:///avtotovary/;;;;;
;; Автосигнализации;http://20k.com.ua/avtosignalizacii/;;;;;
;;; Автосигнализации Alligator;http://20k.com.ua/avtosignalizacii/alligator/
;;; Автосигнализации DaVINCI;http://20k.com.ua/avtosignalizacii/davinci/
;;; Автосигнализации iCode;http://20k.com.ua/avtosignalizacii/icode/
;;; Автосигнализации Jaguar ;http://20k.com.ua/avtosignalizacii/jaguar/
;;; Автосигнализации KGB ;http://20k.com.ua/avtosignalizacii/kgb/
;;; Автосигнализации Niteo;http://20k.com.ua/avtosignalizacii/niteo/
;;; Автосигнализации Pandect;http://20k.com.ua/avtosignalizacii/pandect/
;;; Автосигнализации Pandora;http://20k.com.ua/avtosignalizacii/pandora/
;;; Автосигнализации Pantera;http://20k.com.ua/avtosignalizacii/pantera/
;;; Автосигнализации Scher-Khan;http://20k.com.ua/avtosignalizacii/scher-khan/
;;; Автосигнализации Sheriff ;http://20k.com.ua/avtosignalizacii/sheriff/
;;; Автосигнализации Tiger;http://20k.com.ua/avtosignalizacii/tiger/
;;; Автосигнализации Tomahawk ;http://20k.com.ua/avtosignalizacii/tomahawk/
;;GPS навигаторы ;http://20k.com.ua/gps-navigatory/;;;;;
;;;GPS навигаторы Ergo;http://20k.com.ua/gps-navigatory/ergo/
;;;GPS навигаторы FreeLander;http://20k.com.ua/gps-navigatory/freelander/
;;;GPS навигаторы Pioneer;http://20k.com.ua/gps-navigatory/pioneer/
;;;GPS навигаторы Texet;http://20k.com.ua/gps-navigatory/texet/
;;Автомагнитолы и DVD;http://20k.com.ua/avtomagnitoly-i-dvd/;;;;;
;;;Автомагнитолы и DVD Calcell;http://20k.com.ua/avtomagnitoly-i-dvd/calcell/
;;;Автомагнитолы и DVD Celsior;http://20k.com.ua/avtomagnitoly-i-dvd/celsior/
;;;Автомагнитолы и DVD CYCLON;http://20k.com.ua/avtomagnitoly-i-dvd/cyclon/
;;;Автомагнитолы и DVD Digital;http://20k.com.ua/avtomagnitoly-i-dvd/digital/
;;;Автомагнитолы и DVD DTL ;http://20k.com.ua/avtomagnitoly-i-dvd/dtl/
;;;Автомагнитолы и DVD JVC;http://20k.com.ua/avtomagnitoly-i-dvd/jvc/
;;;Автомагнитолы и DVD Kenwood;http://20k.com.ua/avtomagnitoly-i-dvd/kenwood/
;;;Автомагнитолы и DVD Mystery;http://20k.com.ua/avtomagnitoly-i-dvd/mystery/
;;;Автомагнитолы и DVD Pineng;http://20k.com.ua/avtomagnitoly-i-dvd/pineng/
;;;Автомагнитолы и DVD Pioneer;http://20k.com.ua/avtomagnitoly-i-dvd/pioneer/
;;;Автомагнитолы и DVD Prology;http://20k.com.ua/avtomagnitoly-i-dvd/prology/
;;;Автомагнитолы и DVD Sony;http://20k.com.ua/avtomagnitoly-i-dvd/sony/
;;;Автомагнитолы и DVD X-Digital;http://20k.com.ua/avtomagnitoly-i-dvd/x-digital/
;;Автомобильная акустика;http://20k.com.ua/avtomobilnaya-akustika/;;;;;
;;;Автомобильная акустика Alpine;http://20k.com.ua/avtomobilnaya-akustika/alpine/
;;;Автомобильная акустика Blaupunkt ;http://20k.com.ua/avtomobilnaya-akustika/blaupunkt/
;;;Автомобильная акустика Calcell;http://20k.com.ua/avtomobilnaya-akustika/calcell/
;;;Автомобильная акустика Celsior;http://20k.com.ua/avtomobilnaya-akustika/celsior/
;;;Автомобильная акустика CYCLON;http://20k.com.ua/avtomobilnaya-akustika/cyclon/
;;;Автомобильная акустика DLS;http://20k.com.ua/avtomobilnaya-akustika/dls/
;;;Автомобильная акустика Helix;http://20k.com.ua/avtomobilnaya-akustika/helix/
;;;Автомобильная акустика Kicx ;http://20k.com.ua/avtomobilnaya-akustika/kicx/
;;;Автомобильная акустика Minolta ;http://20k.com.ua/avtomobilnaya-akustika/minolta/
;;;Автомобильная акустика Mystery;http://20k.com.ua/avtomobilnaya-akustika/mystery/
;;;Автомобильная акустика Pioneer;http://20k.com.ua/avtomobilnaya-akustika/pioneer/
;;Автомобильные сабвуферы;http://20k.com.ua/avtomobilnye-sabvufery/;;;;;
;;;Автомобильные сабвуферы Alpine;http://20k.com.ua/avtomobilnye-sabvufery/alpine/
;;;Автомобильные сабвуферы Blaupunkt ;http://20k.com.ua/avtomobilnye-sabvufery/blaupunkt/
;;;Автомобильные сабвуферы DLS;http://20k.com.ua/avtomobilnye-sabvufery/dls/
;;;Автомобильные сабвуферы Helix;http://20k.com.ua/avtomobilnye-sabvufery/helix/
;;;Автомобильные сабвуферы Kicx ;http://20k.com.ua/avtomobilnye-sabvufery/kicx/
;;;Автомобильные сабвуферы Mystery;http://20k.com.ua/avtomobilnye-sabvufery/mystery/
;;Автомобильный инвертор;http://20k.com.ua/avtomobilnyj-invertor/;;;;;
;;;Автомобильный инвертор Doxin;http://20k.com.ua/avtomobilnyj-invertor/doxin/
;;;Автомобильный инвертор ParkCity ;http://20k.com.ua/avtomobilnyj-invertor/parkcity/
;;Автоусилители;http://20k.com.ua/avtousiliteli/;;;;;
;;;Автоусилители Alpine;http://20k.com.ua/avtousiliteli/alpine/
;;;Автоусилители Blaupunkt ;http://20k.com.ua/avtousiliteli/blaupunkt/
;;;Автоусилители Calcell;http://20k.com.ua/avtousiliteli/calcell/
;;;Автоусилители Celsior;http://20k.com.ua/avtousiliteli/celsior/
;;;Автоусилители DLS;http://20k.com.ua/avtousiliteli/dls/
;;;Автоусилители Helix;http://20k.com.ua/avtousiliteli/helix/
;;;Автоусилители Kicx ;http://20k.com.ua/avtousiliteli/kicx/
;;;Автоусилители Mystery;http://20k.com.ua/avtousiliteli/mystery/
;;Антирадары;http://20k.com.ua/antiradary/;;;;;
;;;Антирадары Cobra;http://20k.com.ua/antiradary/cobra/
;;;Антирадары Whistler;http://20k.com.ua/antiradary/whistler/
;;;Антирадары X-Keeper;http://20k.com.ua/antiradary/x-keeper/
;;Видеорегистраторы ;http://20k.com.ua/videoregistratory/;;;;;
;;;Видеорегистраторы Vehicle;http://20k.com.ua/videoregistratory/blackbox/
;;;Видеорегистраторы Blackvue;http://20k.com.ua/videoregistratory/blackvue/
;;;Видеорегистраторы CarCam;http://20k.com.ua/videoregistratory/carcam/
;;;Видеорегистраторы Cobra;http://20k.com.ua/videoregistratory/cobra/
;;;Видеорегистраторы CYCLON;http://20k.com.ua/videoregistratory/cyclon/
;;;Видеорегистраторы DOD;http://20k.com.ua/videoregistratory/dod/
;;;Видеорегистраторы Gazer;http://20k.com.ua/videoregistratory/gazer/
;;;Видеорегистраторы Globex;http://20k.com.ua/videoregistratory/globex/
;;;Видеорегистраторы GoClever;http://20k.com.ua/videoregistratory/goclever/
;;;Видеорегистраторы GT;http://20k.com.ua/videoregistratory/gt/
;;;Видеорегистраторы Jimi;http://20k.com.ua/videoregistratory/jimi/
;;;Видеорегистраторы Lauf;http://20k.com.ua/videoregistratory/lauf/
;;;Видеорегистраторы Mio;http://20k.com.ua/videoregistratory/mio/
;;;Видеорегистраторы Mystery;http://20k.com.ua/videoregistratory/mystery/
;;;Видеорегистраторы ParkCity ;http://20k.com.ua/videoregistratory/parkcity/
;;;Видеорегистраторы Prestigio;http://20k.com.ua/videoregistratory/prestigio/
;;;Видеорегистраторы Prime-X;http://20k.com.ua/videoregistratory/prime-x/
;;;Видеорегистраторы Prology;http://20k.com.ua/videoregistratory/prology/
;;;Видеорегистраторы Stealth;http://20k.com.ua/videoregistratory/stealth/
;;;Видеорегистраторы Supra;http://20k.com.ua/videoregistratory/supra/
;;;Видеорегистраторы Tesla ;http://20k.com.ua/videoregistratory/tesla/
;;;Видеорегистраторы Texet;http://20k.com.ua/videoregistratory/texet/
;;;Видеорегистраторы Transcend;http://20k.com.ua/videoregistratory/transcend/
;;;Видеорегистраторы X-Digital;http://20k.com.ua/videoregistratory/x-digital/
;;Измерительные приборы;http://20k.com.ua/izmeritelnye-pribory/;;;;;
;;;Измерительные приборы ParkCity ;http://20k.com.ua/izmeritelnye-pribory/parkcity/
;;Камеры заднего вида;http://20k.com.ua/kamery-zadnego-vida/;;;;;
;;;Камеры заднего вида ParkCity ;http://20k.com.ua/kamery-zadnego-vida/parkcity/
;;Магнитолы ;http://20k.com.ua/magnitoly/;;;;;
;;Охранные системы;http://20k.com.ua/ohrannye-sistemy/;;;;;
;;Парктроники;http://20k.com.ua/parktroniki/;;;;;
;;;Парктроники CYCLON;http://20k.com.ua/parktroniki/cyclon/
;;;Парктроники ParkCity ;http://20k.com.ua/parktroniki/parkcity/
;;Проекционные дисплеи;http://20k.com.ua/proekcionnye-displei/;;;;;
;;;Проекционные дисплеи ParkCity ;http://20k.com.ua/proekcionnye-displei/parkcity/
;;Пуско-зарядные устройства;http://20k.com.ua/pusko-zaryadnoe-ustrojstvo/;;;;;
;;;Пуско-зарядные устройства ParkCity ;http://20k.com.ua/pusko-zaryadnoe-ustrojstvo/parkcity/
;;;Пуско-зарядные устройства Whistler;http://20k.com.ua/pusko-zaryadnoe-ustrojstvo/whistler/
;;Электрические компрессоры;http://20k.com.ua/elektricheskij-kompressor/;;;;;
;;;Электрические компрессоры ParkCity ;http://20k.com.ua/elektricheskij-kompressor/parkcity/
;;Электрические моноколеса;http://20k.com.ua/elektricheskie-monokolesa/;;;;;
;;;Электрические моноколеса Airwheel ;http://20k.com.ua/elektricheskie-monokolesa/airwheel/
;Аксессуары;http:///aksessuary/;;;;;
;;USB кабеля ;http://20k.com.ua/usb-kabelya/;;;;;
;;;USB кабеля Apple;http://20k.com.ua/usb-kabelya/apple/
;;;USB кабеля Asus;http://20k.com.ua/usb-kabelya/asus/
;;;USB кабеля BANDRIDGE;http://20k.com.ua/usb-kabelya/bandridge/
;;;USB кабеля Belkin;http://20k.com.ua/usb-kabelya/belkin/
;;;USB кабеля Blackvue;http://20k.com.ua/usb-kabelya/blackvue/
;;;USB кабеля Braslet;http://20k.com.ua/usb-kabelya/braslet/
;;;USB кабеля Golf;http://20k.com.ua/usb-kabelya/golf/
;;;USB кабеля GRIFFIN;http://20k.com.ua/usb-kabelya/griffin/
;;;USB кабеля HK-750;http://20k.com.ua/usb-kabelya/hk-750/
;;;USB кабеля HK-808;http://20k.com.ua/usb-kabelya/hk-808/
;;;USB кабеля HK-890;http://20k.com.ua/usb-kabelya/hk-890/
;;;USB кабеля Melkco;http://20k.com.ua/usb-kabelya/melkco/
;;;USB кабеля Mobiking;http://20k.com.ua/usb-kabelya/mobiking/
;;;USB кабеля Momax;http://20k.com.ua/usb-kabelya/momax/
;;;USB кабеля PNGXE	;http://20k.com.ua/usb-kabelya/pngxe/
;;;USB кабеля Remax;http://20k.com.ua/usb-kabelya/remax/
;;;USB кабеля Samsung;http://20k.com.ua/usb-kabelya/samsung/
;;;USB кабеля Sigma;http://20k.com.ua/usb-kabelya/sigma/
;;;USB кабеля Swiss Knife;http://20k.com.ua/usb-kabelya/swiss-knife/
;;;USB кабеля Trust;http://20k.com.ua/usb-kabelya/trust/
;;;USB кабеля Универсальный;http://20k.com.ua/usb-kabelya/universalnyj/
;;;USB кабеля USB HUB;http://20k.com.ua/usb-kabelya/usb-hub/
;;;USB кабеля Yoobao;http://20k.com.ua/usb-kabelya/yoobao/
;;USB накопители ;http://20k.com.ua/usb-nakopiteli/;;;;;
;;;USB накопители Blackvue;http://20k.com.ua/usb-nakopiteli/blackvue/
;;;USB накопители GoodRAM;http://20k.com.ua/usb-nakopiteli/goodram/
;;;USB накопители HP;http://20k.com.ua/usb-nakopiteli/hp/
;;;USB накопители Kingston ;http://20k.com.ua/usb-nakopiteli/kingston/
;;;USB накопители PQI;http://20k.com.ua/usb-nakopiteli/pqi/
;;;USB накопители SanDisk;http://20k.com.ua/usb-nakopiteli/sandisk/
;;;USB накопители Silicon Power;http://20k.com.ua/usb-nakopiteli/silicon-power/
;;;USB накопители Toshiba;http://20k.com.ua/usb-nakopiteli/toshiba/
;;;USB накопители Transcend;http://20k.com.ua/usb-nakopiteli/transcend/
;;Автомобильные держатели ;http://20k.com.ua/avtomobilnye-derzhateli/;;;;;
;;;Автомобильные держатели Apple;http://20k.com.ua/avtomobilnye-derzhateli/apple/
;;;Автомобильные держатели Arkon ;http://20k.com.ua/avtomobilnye-derzhateli/arkon/
;;;Автомобильные держатели Blackvue;http://20k.com.ua/avtomobilnye-derzhateli/blackvue/
;;;Автомобильные держатели Fly;http://20k.com.ua/avtomobilnye-derzhateli/fly/
;;;Автомобильные держатели iOttie;http://20k.com.ua/avtomobilnye-derzhateli/iottie/
;;;Автомобильные держатели Nokia;http://20k.com.ua/avtomobilnye-derzhateli/nokia/
;;;Автомобильные держатели ParkCity ;http://20k.com.ua/avtomobilnye-derzhateli/parkcity/
;;;Автомобильные держатели Perfektum;http://20k.com.ua/avtomobilnye-derzhateli/perfektum/
;;;Автомобильные держатели Polo;http://20k.com.ua/avtomobilnye-derzhateli/polo/
;;;Автомобильные держатели Remax;http://20k.com.ua/avtomobilnye-derzhateli/remax/
;;;Автомобильные держатели Samsung;http://20k.com.ua/avtomobilnye-derzhateli/samsung/
;;;Автомобильные держатели Stealth;http://20k.com.ua/avtomobilnye-derzhateli/stealth/
;;;Автомобильные держатели Universal;http://20k.com.ua/avtomobilnye-derzhateli/universal/
;;АКБ ;http://20k.com.ua/akb/;;;;;
;;;АКБ Apple;http://20k.com.ua/akb/apple/
;;;АКБ Canon;http://20k.com.ua/akb/canon/
;;;АКБ Casio;http://20k.com.ua/akb/casio/
;;;АКБ Fly;http://20k.com.ua/akb/fly/
;;;АКБ Fuji;http://20k.com.ua/akb/fuji/
;;;АКБ HTC;http://20k.com.ua/akb/htc/
;;;АКБ JVC;http://20k.com.ua/akb/jvc/
;;;АКБ Kodak;http://20k.com.ua/akb/kodak/
;;;АКБ Lenovo;http://20k.com.ua/akb/lenovo/
;;;АКБ LG;http://20k.com.ua/akb/lg/
;;;АКБ Minolta ;http://20k.com.ua/akb/minolta/
;;;АКБ Nikon;http://20k.com.ua/akb/nikon/
;;;АКБ Nokia;http://20k.com.ua/akb/nokia/
;;;АКБ Olympus;http://20k.com.ua/akb/olympus/
;;;АКБ Prestigio;http://20k.com.ua/akb/prestigio/
;;;АКБ Samsung;http://20k.com.ua/akb/samsung/
;;;АКБ Sigma;http://20k.com.ua/akb/sigma/
;;;АКБ Sony;http://20k.com.ua/akb/sony/
;;;АКБ Sony Ericson;http://20k.com.ua/akb/sony-ericson/
;;;АКБ X-Digital;http://20k.com.ua/akb/x-digital/
;;Аккумуляторы и батарейки AA, AAA;http://20k.com.ua/akkumulyatory-i-batarejki-aa-aaa/;;;;;
;;;Аккумуляторы и батарейки AA, AAA DURACELL;http://20k.com.ua/akkumulyatory-i-batarejki-aa-aaa/duracell/
;;;Аккумуляторы и батарейки AA, AAA HYUNDAI;http://20k.com.ua/akkumulyatory-i-batarejki-aa-aaa/hyundai/
;;;Аккумуляторы и батарейки AA, AAA Kodak;http://20k.com.ua/akkumulyatory-i-batarejki-aa-aaa/kodak/
;;;Аккумуляторы и батарейки AA, AAA Panasonic;http://20k.com.ua/akkumulyatory-i-batarejki-aa-aaa/panasonic/
;;;Аккумуляторы и батарейки AA, AAA Philips;http://20k.com.ua/akkumulyatory-i-batarejki-aa-aaa/philips/
;;;Аккумуляторы и батарейки AA, AAA Pleomax;http://20k.com.ua/akkumulyatory-i-batarejki-aa-aaa/pleomax/
;;;Аккумуляторы и батарейки AA, AAA Sony;http://20k.com.ua/akkumulyatory-i-batarejki-aa-aaa/sony/
;;;Аккумуляторы и батарейки AA, AAA UFO;http://20k.com.ua/akkumulyatory-i-batarejki-aa-aaa/ufo/
;;;Аккумуляторы и батарейки AA, AAA X-Digital;http://20k.com.ua/akkumulyatory-i-batarejki-aa-aaa/x-digital/
;;Бинокли, телескопы, микроскопы;http://20k.com.ua/binokli-teleskopy-mikroskopy/;;;;;
;;;Бинокли, телескопы, микроскопы Olympus;http://20k.com.ua/binokli-teleskopy-mikroskopy/olympus/
;;Блоки питания для ноутбуков;http://20k.com.ua/bloki-pitaniya/;;;;;
;;;Блоки питания для ноутбуков Acer;http://20k.com.ua/bloki-pitaniya/acer/
;;;Блоки питания для ноутбуков Asus;http://20k.com.ua/bloki-pitaniya/asus/
;;;Блоки питания для ноутбуков HP;http://20k.com.ua/bloki-pitaniya/hp/
;;;Блоки питания для ноутбуков Lenovo;http://20k.com.ua/bloki-pitaniya/lenovo/
;;;Блоки питания для ноутбуков Meind;http://20k.com.ua/bloki-pitaniya/meind/
;;;Блоки питания для ноутбуков Samsung;http://20k.com.ua/bloki-pitaniya/samsung/
;;;Блоки питания для ноутбуков Универсальный;http://20k.com.ua/bloki-pitaniya/universalnyj/
;;Блютуз гарнитуры ;http://20k.com.ua/blyutuz-garnitury/;;;;;
;;;Блютуз гарнитуры Jabra;http://20k.com.ua/blyutuz-garnitury/jabra/
;;;Блютуз гарнитуры LG;http://20k.com.ua/blyutuz-garnitury/lg/
;;;Блютуз гарнитуры Nokia;http://20k.com.ua/blyutuz-garnitury/nokia/
;;;Блютуз гарнитуры Panasonic;http://20k.com.ua/blyutuz-garnitury/panasonic/
;;;Блютуз гарнитуры Plantronics;http://20k.com.ua/blyutuz-garnitury/plantronics/
;;;Блютуз гарнитуры Samsung;http://20k.com.ua/blyutuz-garnitury/samsung/
;;Бумага и пленка для плоттеров;http://20k.com.ua/bumaga-i-plenka-dlya-plotterov/;;;;;
;;;Бумага и пленка для плоттеров Fuji;http://20k.com.ua/bumaga-i-plenka-dlya-plotterov/fuji/
;;;Бумага и пленка для плоттеров Kodak;http://20k.com.ua/bumaga-i-plenka-dlya-plotterov/kodak/
;;;Бумага и пленка для плоттеров TETENAL;http://20k.com.ua/bumaga-i-plenka-dlya-plotterov/tetenal/
;;Внешние аккумуляторные батареи ;http://20k.com.ua/vneshnie-akkumulyatornye-batarei/;;;;;
;;;Внешние аккумуляторные батареи Arun;http://20k.com.ua/vneshnie-akkumulyatornye-batarei/arun/
;;;Внешние аккумуляторные батареи Golf;http://20k.com.ua/vneshnie-akkumulyatornye-batarei/golf/
;;;Внешние аккумуляторные батареи Hoco;http://20k.com.ua/vneshnie-akkumulyatornye-batarei/hoco/
;;;Внешние аккумуляторные батареи Maxwell;http://20k.com.ua/vneshnie-akkumulyatornye-batarei/maxwell/
;;;Внешние аккумуляторные батареи Melkco;http://20k.com.ua/vneshnie-akkumulyatornye-batarei/melkco/
;;;Внешние аккумуляторные батареи Metal;http://20k.com.ua/vneshnie-akkumulyatornye-batarei/metal/
;;;Внешние аккумуляторные батареи Momax;http://20k.com.ua/vneshnie-akkumulyatornye-batarei/momax/
;;;Внешние аккумуляторные батареи Parmp;http://20k.com.ua/vneshnie-akkumulyatornye-batarei/parmp/
;;;Внешние аккумуляторные батареи Perfektum;http://20k.com.ua/vneshnie-akkumulyatornye-batarei/perfektum/
;;;Внешние аккумуляторные батареи Philips;http://20k.com.ua/vneshnie-akkumulyatornye-batarei/philips/
;;;Внешние аккумуляторные батареи Pineng;http://20k.com.ua/vneshnie-akkumulyatornye-batarei/pineng/
;;;Внешние аккумуляторные батареи Power Bank;http://20k.com.ua/vneshnie-akkumulyatornye-batarei/power-bank/
;;;Внешние аккумуляторные батареи Prestigio;http://20k.com.ua/vneshnie-akkumulyatornye-batarei/prestigio/
;;;Внешние аккумуляторные батареи Proda;http://20k.com.ua/vneshnie-akkumulyatornye-batarei/proda/
;;;Внешние аккумуляторные батареи Remax;http://20k.com.ua/vneshnie-akkumulyatornye-batarei/remax/
;;;Внешние аккумуляторные батареи Romoss;http://20k.com.ua/vneshnie-akkumulyatornye-batarei/romoss/
;;;Внешние аккумуляторные батареи Samsung;http://20k.com.ua/vneshnie-akkumulyatornye-batarei/samsung/
;;;Внешние аккумуляторные батареи Silicon Power;http://20k.com.ua/vneshnie-akkumulyatornye-batarei/silicon-power/
;;;Внешние аккумуляторные батареи Sky;http://20k.com.ua/vneshnie-akkumulyatornye-batarei/sky/
;;;Внешние аккумуляторные батареи Solar;http://20k.com.ua/vneshnie-akkumulyatornye-batarei/solar/
;;;Внешние аккумуляторные батареи Sony;http://20k.com.ua/vneshnie-akkumulyatornye-batarei/sony/
;;;Внешние аккумуляторные батареи Todoro;http://20k.com.ua/vneshnie-akkumulyatornye-batarei/todoro/
;;;Внешние аккумуляторные батареи Totoro;http://20k.com.ua/vneshnie-akkumulyatornye-batarei/totoro/
;;;Внешние аккумуляторные батареи TP-LINK;http://20k.com.ua/vneshnie-akkumulyatornye-batarei/tp-link/
;;;Внешние аккумуляторные батареи UFO;http://20k.com.ua/vneshnie-akkumulyatornye-batarei/ufo/
;;;Внешние аккумуляторные батареи Unplug;http://20k.com.ua/vneshnie-akkumulyatornye-batarei/unplug/
;;;Внешние аккумуляторные батареи Xiaomi;http://20k.com.ua/vneshnie-akkumulyatornye-batarei/xiaomi/
;;;Внешние аккумуляторные батареи Yoobao;http://20k.com.ua/vneshnie-akkumulyatornye-batarei/yoobao/
;;Выключатели и розетки;http://20k.com.ua/vyklyuchateli-i-rozetki/;;;;;
;;;Выключатели и розетки Xiaomi;http://20k.com.ua/vyklyuchateli-i-rozetki/xiaomi/
;;Геймпады, джойстики, рули;http://20k.com.ua/gejmpady-dzhojstiki-ruli/;;;;;
;;;Геймпады, джойстики, рули Logitech;http://20k.com.ua/gejmpady-dzhojstiki-ruli/logitech/
;;;Геймпады, джойстики, рули Trust;http://20k.com.ua/gejmpady-dzhojstiki-ruli/trust/
;;Диктофоны;http://20k.com.ua/diktofony/;;;;;
;;;Диктофоны Olympus;http://20k.com.ua/diktofony/olympus/
;;;Диктофоны Sony;http://20k.com.ua/diktofony/sony/
;;Диски SSD;http://20k.com.ua/diski-ssd/;;;;;
;;;Диски SSD Crucial;http://20k.com.ua/diski-ssd/crucial/
;;;Диски SSD Samsung;http://20k.com.ua/diski-ssd/samsung/
;;;Диски SSD SanDisk;http://20k.com.ua/diski-ssd/sandisk/
;;;Диски SSD Silicon Power;http://20k.com.ua/diski-ssd/silicon-power/
;;;Диски SSD Transcend;http://20k.com.ua/diski-ssd/transcend/
;;;Диски SSD Western Digital;http://20k.com.ua/diski-ssd/western-digital/
;;Жесткие диски;http://20k.com.ua/zhestkie-diski/;;;;;
;;;Жесткие диски HITACHI;http://20k.com.ua/zhestkie-diski/hitachi/
;;;Жесткие диски Kingston ;http://20k.com.ua/zhestkie-diski/kingston/
;;;Жесткие диски SEAGATE;http://20k.com.ua/zhestkie-diski/seagate/
;;;Жесткие диски Silicon Power;http://20k.com.ua/zhestkie-diski/silicon-power/
;;;Жесткие диски Toshiba;http://20k.com.ua/zhestkie-diski/toshiba/
;;;Жесткие диски Transcend;http://20k.com.ua/zhestkie-diski/transcend/
;;;Жесткие диски WD;http://20k.com.ua/zhestkie-diski/wd/
;;Зарядные устройства ;http://20k.com.ua/zaryadnye-ustrojstva/;;;;;
;;;Зарядные устройства Apple;http://20k.com.ua/zaryadnye-ustrojstva/apple/
;;;Зарядные устройства Belkin;http://20k.com.ua/zaryadnye-ustrojstva/belkin/
;;;Зарядные устройства Blackvue;http://20k.com.ua/zaryadnye-ustrojstva/blackvue/
;;;Зарядные устройства Gembird;http://20k.com.ua/zaryadnye-ustrojstva/gembird/
;;;Зарядные устройства HTC;http://20k.com.ua/zaryadnye-ustrojstva/htc/
;;;Зарядные устройства iGo Green;http://20k.com.ua/zaryadnye-ustrojstva/igo-green/
;;;Зарядные устройства iOttie;http://20k.com.ua/zaryadnye-ustrojstva/iottie/
;;;Зарядные устройства Konnet;http://20k.com.ua/zaryadnye-ustrojstva/konnet/
;;;Зарядные устройства LDNIO;http://20k.com.ua/zaryadnye-ustrojstva/ldnio/
;;;Зарядные устройства LG;http://20k.com.ua/zaryadnye-ustrojstva/lg/
;;;Зарядные устройства Melkco;http://20k.com.ua/zaryadnye-ustrojstva/melkco/
;;;Зарядные устройства Melkin;http://20k.com.ua/zaryadnye-ustrojstva/melkin/
;;;Зарядные устройства Mobiking;http://20k.com.ua/zaryadnye-ustrojstva/mobiking/
;;;Зарядные устройства Momax;http://20k.com.ua/zaryadnye-ustrojstva/momax/
;;;Зарядные устройства NICHOSI;http://20k.com.ua/zaryadnye-ustrojstva/nichosi/
;;;Зарядные устройства Nokia;http://20k.com.ua/zaryadnye-ustrojstva/nokia/
;;;Зарядные устройства Parmp;http://20k.com.ua/zaryadnye-ustrojstva/parmp/
;;;Зарядные устройства Perfektum;http://20k.com.ua/zaryadnye-ustrojstva/perfektum/
;;;Зарядные устройства Redot;http://20k.com.ua/zaryadnye-ustrojstva/redot/
;;;Зарядные устройства Samsung;http://20k.com.ua/zaryadnye-ustrojstva/samsung/
;;;Зарядные устройства SJCAM;http://20k.com.ua/zaryadnye-ustrojstva/sjcam/
;;;Зарядные устройства Sony;http://20k.com.ua/zaryadnye-ustrojstva/sony/
;;;Зарядные устройства Trust;http://20k.com.ua/zaryadnye-ustrojstva/trust/
;;;Зарядные устройства Unplug;http://20k.com.ua/zaryadnye-ustrojstva/unplug/
;;;Зарядные устройства Veron;http://20k.com.ua/zaryadnye-ustrojstva/veron/
;;;Зарядные устройства Yoobao;http://20k.com.ua/zaryadnye-ustrojstva/yoobao/
;;Защитные пленки;http://20k.com.ua/zashitnye-plenki/;;;;;
;;;Защитные пленки Ainy;http://20k.com.ua/zashitnye-plenki/ainy/
;;;Защитные пленки Apple;http://20k.com.ua/zashitnye-plenki/apple/
;;;Защитные пленки Asus;http://20k.com.ua/zashitnye-plenki/asus/
;;;Защитные пленки Belkin;http://20k.com.ua/zashitnye-plenki/belkin/
;;;Защитные пленки BlackBerry;http://20k.com.ua/zashitnye-plenki/blackberry/
;;;Защитные пленки Celebrity;http://20k.com.ua/zashitnye-plenki/celebrity/
;;;Защитные пленки Comma;http://20k.com.ua/zashitnye-plenki/comma/
;;;Защитные пленки DIGI;http://20k.com.ua/zashitnye-plenki/digi/
;;;Защитные пленки Glass;http://20k.com.ua/zashitnye-plenki/glass/
;;;Защитные пленки Gorilla;http://20k.com.ua/zashitnye-plenki/gorilla/
;;;Защитные пленки Hoco;http://20k.com.ua/zashitnye-plenki/hoco/
;;;Защитные пленки HTC;http://20k.com.ua/zashitnye-plenki/htc/
;;;Защитные пленки Huawei;http://20k.com.ua/zashitnye-plenki/huawei/
;;;Защитные пленки Lenovo;http://20k.com.ua/zashitnye-plenki/lenovo/
;;;Защитные пленки LG;http://20k.com.ua/zashitnye-plenki/lg/
;;;Защитные пленки Meizu;http://20k.com.ua/zashitnye-plenki/meizu/
;;;Защитные пленки Mobiking;http://20k.com.ua/zashitnye-plenki/mobiking/
;;;Защитные пленки Momax;http://20k.com.ua/zashitnye-plenki/momax/
;;;Защитные пленки Motorola;http://20k.com.ua/zashitnye-plenki/motorola/
;;;Защитные пленки NILLKIN;http://20k.com.ua/zashitnye-plenki/nillkin/
;;;Защитные пленки Nokia;http://20k.com.ua/zashitnye-plenki/nokia/
;;;Защитные пленки Qualitex;http://20k.com.ua/zashitnye-plenki/qualitex/
;;;Защитные пленки Red Angel;http://20k.com.ua/zashitnye-plenki/red-angel/
;;;Защитные пленки Remax;http://20k.com.ua/zashitnye-plenki/remax/
;;;Защитные пленки Rootacase;http://20k.com.ua/zashitnye-plenki/rootacase/
;;;Защитные пленки Rotex;http://20k.com.ua/zashitnye-plenki/rotex/
;;;Защитные пленки Samsung;http://20k.com.ua/zashitnye-plenki/samsung/
;;;Защитные пленки Sigma;http://20k.com.ua/zashitnye-plenki/sigma/
;;;Защитные пленки Sony;http://20k.com.ua/zashitnye-plenki/sony/
;;;Защитные пленки Универсальный;http://20k.com.ua/zashitnye-plenki/universalnyj/
;;;Защитные пленки Vinil Lux;http://20k.com.ua/zashitnye-plenki/vinil-lux/
;;;Защитные пленки Xiaomi;http://20k.com.ua/zashitnye-plenki/xiaomi/
;;;Защитные пленки Yoobao;http://20k.com.ua/zashitnye-plenki/yoobao/
;;Кабели HDMI, DVI, VGA, DisplayPort;http://20k.com.ua/kabeli-hdmi-dvi-vga-displayport/;;;;;
;;;Кабели HDMI, DVI, VGA, DisplayPort BANDRIDGE;http://20k.com.ua/kabeli-hdmi-dvi-vga-displayport/bandridge/
;;;Кабели HDMI, DVI, VGA, DisplayPort VALUELINE;http://20k.com.ua/kabeli-hdmi-dvi-vga-displayport/valueline/
;;Кабели витая пара, патч-корды, модули;http://20k.com.ua/kabeli-vitaya-para-patch-kordy-moduli/;;;;;
;;;Кабели витая пара, патч-корды, модули MOLEX;http://20k.com.ua/kabeli-vitaya-para-patch-kordy-moduli/molex/
;;;Кабели витая пара, патч-корды, модули TP-LINK;http://20k.com.ua/kabeli-vitaya-para-patch-kordy-moduli/tp-link/
;;Картридеры и USB концентраторы;http://20k.com.ua/kartridery-i-usb-koncentratory/;;;;;
;;;Картридеры и USB концентраторы Kingston ;http://20k.com.ua/kartridery-i-usb-koncentratory/kingston/
;;;Картридеры и USB концентраторы Silicon Power;http://20k.com.ua/kartridery-i-usb-koncentratory/silicon-power/
;;;Картридеры и USB концентраторы Transcend;http://20k.com.ua/kartridery-i-usb-koncentratory/transcend/
;;Картриджи и чернила для принтеров и МФУ;http://20k.com.ua/kartridzhi-dlya-printerov-i-mfu/;;;;;
;;;Картриджи и чернила для принтеров и МФУ BROTHER;http://20k.com.ua/kartridzhi-dlya-printerov-i-mfu/brother/
;;;Картриджи для принтеров и МФУ Canon;http://20k.com.ua/kartridzhi-dlya-printerov-i-mfu/canon/
;;;Картриджи и чернила для принтеров и МФУ CW;http://20k.com.ua/kartridzhi-dlya-printerov-i-mfu/cw/
;;;Картриджи для принтеров и МФУ Epson;http://20k.com.ua/kartridzhi-dlya-printerov-i-mfu/epson/
;;;Картриджи для принтеров и МФУ HP;http://20k.com.ua/kartridzhi-dlya-printerov-i-mfu/hp/
;;;Картриджи и чернила для принтеров и МФУ Samsung;http://20k.com.ua/kartridzhi-dlya-printerov-i-mfu/samsung/
;;Карты памяти;http://20k.com.ua/flesh-pamyat/;;;;;
;;;Карты памяти GoodRAM;http://20k.com.ua/flesh-pamyat/goodram/
;;;Карты памяти Kingston ;http://20k.com.ua/flesh-pamyat/kingston/
;;;Карты памяти Philips;http://20k.com.ua/flesh-pamyat/philips/
;;;Карты памяти SanDisk;http://20k.com.ua/flesh-pamyat/sandisk/
;;;Карты памяти Silicon Power;http://20k.com.ua/flesh-pamyat/silicon-power/
;;;Карты памяти Toshiba;http://20k.com.ua/flesh-pamyat/toshiba/
;;;Карты памяти Transcend;http://20k.com.ua/flesh-pamyat/transcend/
;;Клавиатуры;http://20k.com.ua/klaviatury/;;;;;
;;;Клавиатуры Genius;http://20k.com.ua/klaviatury/genius/
;;;Клавиатуры Logitech;http://20k.com.ua/klaviatury/logitech/
;;;Клавиатуры Samsung;http://20k.com.ua/klaviatury/samsung/
;;;Клавиатуры Trust;http://20k.com.ua/klaviatury/trust/
;;Коврики для мыши;http://20k.com.ua/kovriki-dlya-myshi/;;;;;
;;;Коврики для мыши Logitech;http://20k.com.ua/kovriki-dlya-myshi/logitech/
;;;Коврики для мыши Trust;http://20k.com.ua/kovriki-dlya-myshi/trust/
;;Компьютерные мыши;http://20k.com.ua/kompyuternye-myshi/;;;;;
;;;Компьютерные мыши Genius;http://20k.com.ua/kompyuternye-myshi/genius/
;;;Компьютерные мыши Logitech;http://20k.com.ua/kompyuternye-myshi/logitech/
;;;Компьютерные мыши Trust;http://20k.com.ua/kompyuternye-myshi/trust/
;;Кронштейны;http://20k.com.ua/kronshtejny/;;;;;
;;;Кронштейны ITech;http://20k.com.ua/kronshtejny/itech/
;;;Кронштейны Kvado;http://20k.com.ua/kronshtejny/kvado/
;;;Кронштейны Квадо К;http://20k.com.ua/kronshtejny/kvado-k/
;;;Кронштейны Квадо K-51;http://20k.com.ua/kronshtejny/kvado-k-51/
;;;Кронштейны Logan;http://20k.com.ua/kronshtejny/logan/
;;;Кронштейны Vogels;http://20k.com.ua/kronshtejny/vogels/
;;;Кронштейны X-Digital;http://20k.com.ua/kronshtejny/x-digital/
;;Медтехника для дома;http://20k.com.ua/medtehnika-dlya-doma/;;;;;
;;;Медтехника для дома ARMOR;http://20k.com.ua/medtehnika-dlya-doma/armor/
;;;Медтехника для дома CITIZEN;http://20k.com.ua/medtehnika-dlya-doma/citizen/
;;;Медтехника для дома LONGEVITA;http://20k.com.ua/medtehnika-dlya-doma/longevita/
;;Микрофоны;http://20k.com.ua/mikrofony/;;;;;
;;;Микрофоны Olympus;http://20k.com.ua/mikrofony/olympus/
;;;Микрофоны Panasonic;http://20k.com.ua/mikrofony/panasonic/
;;Моноподы для селфи;http://20k.com.ua/monopody/;;;;;
;;;Моноподы для селфи EasyLink;http://20k.com.ua/monopody/easylink/
;;;Моноподы для селфи GoPro;http://20k.com.ua/monopody/gopro/
;;;Моноподы для селфи GoShot;http://20k.com.ua/monopody/goshot/
;;;Моноподы для селфи Monopod;http://20k.com.ua/monopody/monopod/
;;;Моноподы для селфи Remote Shutter;http://20k.com.ua/monopody/remote-shutter/
;;;Моноподы для селфи SJCAM;http://20k.com.ua/monopody/sjcam/
;;;Моноподы для селфи Xiaomi;http://20k.com.ua/monopody/xiaomi/
;;;Моноподы для селфи Yunteng;http://20k.com.ua/monopody/yunteng/
;;Наушники ;http://20k.com.ua/naushniki/;;;;;
;;;Наушники Acme;http://20k.com.ua/naushniki/acme/
;;;Наушники AKG;http://20k.com.ua/naushniki/akg/
;;;Наушники Belkin;http://20k.com.ua/naushniki/belkin/
;;;Наушники Bowers & Wilkins;http://20k.com.ua/naushniki/bowers-wilkins/
;;;Наушники Cresyn;http://20k.com.ua/naushniki/cresyn/
;;;Наушники Ergo;http://20k.com.ua/naushniki/ergo/
;;;Наушники Gembird;http://20k.com.ua/naushniki/gembird/
;;;Наушники Grundig;http://20k.com.ua/naushniki/grundig/
;;;Наушники HAPOLLO;http://20k.com.ua/naushniki/hapollo/
;;;Наушники iRiver;http://20k.com.ua/naushniki/iriver/
;;;Наушники Jabra;http://20k.com.ua/naushniki/jabra/
;;;Наушники JBL;http://20k.com.ua/naushniki/jbl-charge/
;;;Наушники Koss;http://20k.com.ua/naushniki/koss/
;;;Наушники LG;http://20k.com.ua/naushniki/lg/
;;;Наушники Logitech;http://20k.com.ua/naushniki/logitech/
;;;Наушники Marshall Major;http://20k.com.ua/naushniki/marshall-major/
;;;Наушники Monster;http://20k.com.ua/naushniki/monster/
;;;Наушники Mystery;http://20k.com.ua/naushniki/mystery/
;;;Наушники Panasonic;http://20k.com.ua/naushniki/panasonic/
;;;Наушники Razer;http://20k.com.ua/naushniki/razer/
;;;Наушники Remax;http://20k.com.ua/naushniki/remax/
;;;Наушники Samsung;http://20k.com.ua/naushniki/samsung/
;;;Наушники Sennheiser;http://20k.com.ua/naushniki/sennheiser/
;;;Наушники Sony;http://20k.com.ua/naushniki/sony/
;;;Наушники Soul;http://20k.com.ua/naushniki/soul/
;;;Наушники Trust;http://20k.com.ua/naushniki/trust/
;;;Наушники Xiaomi;http://20k.com.ua/naushniki/xiaomi/
;;;Наушники Yamaha;http://20k.com.ua/naushniki/yamaha/
;;;Наушники Zipper;http://20k.com.ua/naushniki/zipper/
;;Портативные аудио устройства ;http://20k.com.ua/portativnye-audio-ustrojstva/;;;;;
;;;Портативные аудио устройства 3Q;http://20k.com.ua/portativnye-audio-ustrojstva/3q/
;;;Портативные аудио устройства Beats by Dr. Dre;http://20k.com.ua/portativnye-audio-ustrojstva/beats-dr-dre/
;;;Портативные аудио устройства BMW;http://20k.com.ua/portativnye-audio-ustrojstva/bmw/
;;;Портативные аудио устройства Bravis;http://20k.com.ua/portativnye-audio-ustrojstva/bravis/
;;;Портативные аудио устройства Genius;http://20k.com.ua/portativnye-audio-ustrojstva/genius/
;;;Портативные аудио устройства Harman Kardon;http://20k.com.ua/portativnye-audio-ustrojstva/harman-kardon/
;;;Портативные аудио устройства HY;http://20k.com.ua/portativnye-audio-ustrojstva/hy/
;;;Портативные аудио устройства HY-T24;http://20k.com.ua/portativnye-audio-ustrojstva/hy-t24/
;;;Портативные аудио устройства HY-T309;http://20k.com.ua/portativnye-audio-ustrojstva/hy-t309/
;;;Портативные аудио устройства JBL Charge ;http://20k.com.ua/portativnye-audio-ustrojstva/jbl-charge/
;;;Портативные аудио устройства Logitech;http://20k.com.ua/portativnye-audio-ustrojstva/logitech/
;;;Портативные аудио устройства Momax;http://20k.com.ua/portativnye-audio-ustrojstva/momax/
;;;Портативные аудио устройства NavJack;http://20k.com.ua/portativnye-audio-ustrojstva/navjack/
;;;Портативные аудио устройства Samsung;http://20k.com.ua/portativnye-audio-ustrojstva/samsung/
;;;Портативные аудио устройства Trust;http://20k.com.ua/portativnye-audio-ustrojstva/trust/
;;;Портативные аудио устройства Unplug;http://20k.com.ua/portativnye-audio-ustrojstva/unplug/
;;;Портативные аудио устройства WS;http://20k.com.ua/portativnye-audio-ustrojstva/ws/
;;;Портативные аудио устройства WSTER;http://20k.com.ua/portativnye-audio-ustrojstva/wster/
;;;Портативные аудио устройства Xiaomi;http://20k.com.ua/portativnye-audio-ustrojstva/xiaomi/
;;;Портативные аудио устройства Yoobao;http://20k.com.ua/portativnye-audio-ustrojstva/yoobao/
;;Посуда;http://20k.com.ua/posuda/;;;;;
;;;Посуда ARCOROC;http://20k.com.ua/posuda/arcoroc/
;;;Посуда ARCUISINE;http://20k.com.ua/posuda/arcuisine/
;;;Посуда BENEDIKT;http://20k.com.ua/posuda/benedikt/
;;;Посуда Cristal D’Arques;http://20k.com.ua/posuda/cristal-darques/
;;;Посуда C&S;http://20k.com.ua/posuda/cs/
;;;Посуда DURALEX;http://20k.com.ua/posuda/duralex/
;;;Посуда GP&me;http://20k.com.ua/posuda/gpme/
;;;Посуда LUBIANA;http://20k.com.ua/posuda/lubiana/
;;;Посуда LUMINARC;http://20k.com.ua/posuda/luminarc/
;;;Посуда Maxwell;http://20k.com.ua/posuda/maxwell/
;;;Посуда PYREX;http://20k.com.ua/posuda/pyrex/
;;;Посуда RONDELL;http://20k.com.ua/posuda/rondell/
;;;Посуда SIMAX;http://20k.com.ua/posuda/simax/
;;;Посуда TRAMONTINA;http://20k.com.ua/posuda/tramontina/
;;;Посуда TVS;http://20k.com.ua/posuda/tvs/
;;Светодиодные лампы USB ;http://20k.com.ua/svetodiodnye-lampy-usb/;;;;;
;;;Светодиодные лампы USB Universal;http://20k.com.ua/svetodiodnye-lampy-usb/universal/
;;;Светодиодные лампы USB Xiaomi;http://20k.com.ua/svetodiodnye-lampy-usb/xiaomi/
;;Сетевые фильтры, удлинители;http://20k.com.ua/setevye-filtry-udliniteli/;;;;;
;;;Сетевые фильтры, удлинители Gembird;http://20k.com.ua/setevye-filtry-udliniteli/gembird/
;;;Сетевые фильтры, удлинители Philips;http://20k.com.ua/setevye-filtry-udliniteli/philips/
;;;Сетевые фильтры, удлинители Xiaomi;http://20k.com.ua/setevye-filtry-udliniteli/xiaomi/
;;Сумки, футляры, кофры для фото и видео;http://20k.com.ua/sumki-futlyary-kofry-dlya-foto-i-video/;;;;;
;;;Сумки, футляры, кофры для фото и видео Canon;http://20k.com.ua/sumki-futlyary-kofry-dlya-foto-i-video/canon/
;;;Сумки, футляры, кофры для фото и видео Case Logic;http://20k.com.ua/sumki-futlyary-kofry-dlya-foto-i-video/case-logic/
;;;Сумки, футляры, кофры для фото и видео Casio;http://20k.com.ua/sumki-futlyary-kofry-dlya-foto-i-video/casio/
;;;Сумки, футляры, кофры для фото и видео JOBY;http://20k.com.ua/sumki-futlyary-kofry-dlya-foto-i-video/joby/
;;;Сумки, футляры, кофры для фото и видео Lowepro;http://20k.com.ua/sumki-futlyary-kofry-dlya-foto-i-video/lowepro/
;;;Сумки, футляры, кофры для фото и видео Nikon;http://20k.com.ua/sumki-futlyary-kofry-dlya-foto-i-video/nikon/
;;;Сумки, футляры, кофры для фото и видео Olympus;http://20k.com.ua/sumki-futlyary-kofry-dlya-foto-i-video/olympus/
;;;Сумки, футляры, кофры для фото и видео Samsung;http://20k.com.ua/sumki-futlyary-kofry-dlya-foto-i-video/samsung/
;;;Сумки, футляры, кофры для фото и видео X-Digital;http://20k.com.ua/sumki-futlyary-kofry-dlya-foto-i-video/x-digital/
;;Сумки, чехлы, рюкзаки для ноутбуков и планшетов;http://20k.com.ua/sumki-chehly-ryukzaki-dlya-noutbukov/;;;;;
;;;Сумки, чехлы, рюкзаки для ноутбуков и планшетов Case Logic;http://20k.com.ua/sumki-chehly-ryukzaki-dlya-noutbukov/case-logic/
;;;Сумки, чехлы, рюкзаки для ноутбуков и планшетов Trust;http://20k.com.ua/sumki-chehly-ryukzaki-dlya-noutbukov/trust/
;;;Сумки, чехлы, рюкзаки для ноутбуков и планшетов X-Digital;http://20k.com.ua/sumki-chehly-ryukzaki-dlya-noutbukov/x-digital/
;;Умные часы и Спортивные браслеты;http://20k.com.ua/fitnes-braslet/;;;;;
;;;Умные часы и Спортивные браслеты Apple;http://20k.com.ua/fitnes-braslet/apple/
;;;Умные часы и Спортивные браслеты Asus;http://20k.com.ua/fitnes-braslet/asus/
;;;Умные часы и Спортивные браслеты Bravis;http://20k.com.ua/fitnes-braslet/bravis/
;;;Умные часы и Спортивные браслеты COGITO;http://20k.com.ua/fitnes-braslet/cogito/
;;;Умные часы и Спортивные браслеты Huawei;http://20k.com.ua/fitnes-braslet/huawei/
;;;Умные часы и Спортивные браслеты Led watch ;http://20k.com.ua/fitnes-braslet/led-watch/
;;;Умные часы и Спортивные браслеты Samsung;http://20k.com.ua/fitnes-braslet/samsung/
;;;Умные часы и Спортивные браслеты Xiaomi;http://20k.com.ua/fitnes-braslet/xiaomi/
;;Фонарики;http://20k.com.ua/fonariki/;;;;;
;;;Фонарики GP;http://20k.com.ua/fonariki/gp/
;;;Фонарики GP Batteries;http://20k.com.ua/fonariki/gp-batteries/
;;;Фонарики Philips;http://20k.com.ua/fonariki/philips/
;;;Фонарики Police;http://20k.com.ua/fonariki/police/
;;Фотопринтеры, фотобумага, фотоальбомы;http://20k.com.ua/fotoprintery-fotobumaga-fotoalbomy/;;;;;
;;;Фотопринтеры, фотобумага, фотоальбомы ASIA;http://20k.com.ua/fotoprintery-fotobumaga-fotoalbomy/asia/
;;;Фотопринтеры, фотобумага, фотоальбомы Canon;http://20k.com.ua/fotoprintery-fotobumaga-fotoalbomy/canon/
;;;Фотопринтеры, фотобумага, фотоальбомы Colorama;http://20k.com.ua/fotoprintery-fotobumaga-fotoalbomy/colorama/
;;;Фотопринтеры, фотобумага, фотоальбомы CW;http://20k.com.ua/fotoprintery-fotobumaga-fotoalbomy/cw/
;;;Фотопринтеры, фотобумага, фотоальбомы EVG;http://20k.com.ua/fotoprintery-fotobumaga-fotoalbomy/evg/
;;;Фотопринтеры, фотобумага, фотоальбомы HI-TI;http://20k.com.ua/fotoprintery-fotobumaga-fotoalbomy/hi-ti/
;;;Фотопринтеры, фотобумага, фотоальбомы HOFMANN;http://20k.com.ua/fotoprintery-fotobumaga-fotoalbomy/hofmann/
;;;Фотопринтеры, фотобумага, фотоальбомы INNOVA;http://20k.com.ua/fotoprintery-fotobumaga-fotoalbomy/innova/
;;;Фотопринтеры, фотобумага, фотоальбомы Kodak;http://20k.com.ua/fotoprintery-fotobumaga-fotoalbomy/kodak/
;;;Фотопринтеры, фотобумага, фотоальбомы LA Moda;http://20k.com.ua/fotoprintery-fotobumaga-fotoalbomy/la-moda/
;;;Фотопринтеры, фотобумага, фотоальбомы LOMOND;http://20k.com.ua/fotoprintery-fotobumaga-fotoalbomy/lomond/
;;;Фотопринтеры, фотобумага, фотоальбомы MOLEX;http://20k.com.ua/fotoprintery-fotobumaga-fotoalbomy/molex/
;;;Фотопринтеры, фотобумага, фотоальбомы Pioneer;http://20k.com.ua/fotoprintery-fotobumaga-fotoalbomy/pioneer/
;;;Фотопринтеры, фотобумага, фотоальбомы POLDOM;http://20k.com.ua/fotoprintery-fotobumaga-fotoalbomy/poldom/
;;;Фотопринтеры, фотобумага, фотоальбомы UFO;http://20k.com.ua/fotoprintery-fotobumaga-fotoalbomy/ufo/
;;Чехлы ;http://20k.com.ua/chehly/;;;;;
;;;Чехлы Amazon;http://20k.com.ua/chehly/amazon/
;;;Чехлы AnyMode;http://20k.com.ua/chehly/anymode/
;;;Чехлы Apple;http://20k.com.ua/chehly/apple/
;;;Чехлы Asus;http://20k.com.ua/chehly/asus/
;;;Чехлы Belkin;http://20k.com.ua/chehly/belkin/
;;;Чехлы Binatone;http://20k.com.ua/chehly/binatone/
;;;Чехлы BMW;http://20k.com.ua/chehly/bmw/
;;;Чехлы Capdase;http://20k.com.ua/chehly/capdase/
;;;Чехлы Case Logic;http://20k.com.ua/chehly/case-logic/
;;;Чехлы CG Mobile;http://20k.com.ua/chehly/cg-mobile/
;;;Чехлы Cotecti;http://20k.com.ua/chehly/cotecti/
;;;Чехлы Cygnett;http://20k.com.ua/chehly/cygnett/
;;;Чехлы DIGI;http://20k.com.ua/chehly/digi/
;;;Чехлы ELAGO ;http://20k.com.ua/chehly/elago/
;;;Чехлы Hoco;http://20k.com.ua/chehly/hoco/
;;;Чехлы ILLUSION;http://20k.com.ua/chehly/illusion/
;;;Чехлы iStar;http://20k.com.ua/chehly/istar/
;;;Чехлы ITSKINS ;http://20k.com.ua/chehly/itskins/
;;;Чехлы KAKUsiga;http://20k.com.ua/chehly/kakusiga/
;;;Чехлы Kalushi;http://20k.com.ua/chehly/kalushi/
;;;Чехлы Lenovo;http://20k.com.ua/chehly/lenovo/
;;;Чехлы LG;http://20k.com.ua/chehly/lg/
;;;Чехлы Melkco;http://20k.com.ua/chehly/melkco/
;;;Чехлы Miracase;http://20k.com.ua/chehly/miracase/
;;;Чехлы Mobiking;http://20k.com.ua/chehly/mobiking/
;;;Чехлы Mofi;http://20k.com.ua/chehly/mofi/
;;;Чехлы Momax;http://20k.com.ua/chehly/momax/
;;;Чехлы Moshi;http://20k.com.ua/chehly/moshi/
;;;Чехлы Motomo;http://20k.com.ua/chehly/motomo/
;;;Чехлы NILLKIN;http://20k.com.ua/chehly/nillkin/
;;;Чехлы Nook;http://20k.com.ua/chehly/nook/
;;;Чехлы Nosson;http://20k.com.ua/chehly/nosson/
;;;Чехлы Ozaki;http://20k.com.ua/chehly/ozaki/
;;;Чехлы Pocketbook ;http://20k.com.ua/chehly/pocketbook/
;;;Чехлы Red Angel;http://20k.com.ua/chehly/red-angel/
;;;Чехлы Remax;http://20k.com.ua/chehly/remax/
;;;Чехлы Rich Boss;http://20k.com.ua/chehly/rich-boss/
;;;Чехлы Samsung;http://20k.com.ua/chehly/samsung/
;;;Чехлы SGP;http://20k.com.ua/chehly/sgp/
;;;Чехлы Sigma;http://20k.com.ua/chehly/sigma/
;;;Чехлы THULE;http://20k.com.ua/chehly/thule/
;;;Чехлы Trust;http://20k.com.ua/chehly/trust/
;;;Чехлы Ultra Thin;http://20k.com.ua/chehly/ultra-thin/
;;;Чехлы Универсальный;http://20k.com.ua/chehly/universalnyj/
;;;Чехлы VOIA;http://20k.com.ua/chehly/voia/
;;;Чехлы WRX ;http://20k.com.ua/chehly/wrx/
;;Электрические лампочки;http://20k.com.ua/elektricheskie-lampochki/;;;;;
;;;Электрические лампочки Philips;http://20k.com.ua/elektricheskie-lampochki/philips/
;Бытовая техника;http:///bytovaya-tehnika/;;;;;
;;Кондиционеры;http://20k.com.ua/kondicionery/;;;;;
;;;Кондиционеры DELFA;http://20k.com.ua/kondicionery/delfa/
;;;Кондиционеры Ergo;http://20k.com.ua/kondicionery/ergo/
;;Кухонные плиты;http://20k.com.ua/kuhonnye-plity/;;;;;
;;;Кухонные плиты Beko;http://20k.com.ua/kuhonnye-plity/beko/
;;;Кухонные плиты Electrolux;http://20k.com.ua/kuhonnye-plity/electrolux/
;;;Кухонные плиты Ergo;http://20k.com.ua/kuhonnye-plity/ergo/
;;;Кухонные плиты Gorenje ;http://20k.com.ua/kuhonnye-plity/gorenje/
;;;Кухонные плиты GRETA;http://20k.com.ua/kuhonnye-plity/greta/
;;;Кухонные плиты HANSA;http://20k.com.ua/kuhonnye-plity/hansa/
;;;Кухонные плиты INDESIT;http://20k.com.ua/kuhonnye-plity/indesit/
;;;Кухонные плиты LE CHEF;http://20k.com.ua/kuhonnye-plity/le-chef/
;;;Кухонные плиты MORA;http://20k.com.ua/kuhonnye-plity/mora/
;;;Кухонные плиты Zanussi;http://20k.com.ua/kuhonnye-plity/zanussi/
;;Морозильные камеры;http://20k.com.ua/morozilnye-kamery/;;;;;
;;;Морозильные камеры Candy;http://20k.com.ua/morozilnye-kamery/candy/
;;;Морозильные камеры Electrolux;http://20k.com.ua/morozilnye-kamery/electrolux/
;;;Морозильные камеры Gorenje ;http://20k.com.ua/morozilnye-kamery/gorenje/
;;;Морозильные камеры HOTPOINT-ARISTON;http://20k.com.ua/morozilnye-kamery/hotpoint-ariston/
;;;Морозильные камеры INDESIT;http://20k.com.ua/morozilnye-kamery/indesit/
;;;Морозильные камеры Siemens;http://20k.com.ua/morozilnye-kamery/siemens/
;;;Морозильные камеры SNAIGE;http://20k.com.ua/morozilnye-kamery/snaige/
;;;Морозильные камеры VESTFROST;http://20k.com.ua/morozilnye-kamery/vestfrost/
;;;Морозильные камеры Whirlpool;http://20k.com.ua/morozilnye-kamery/whirlpool/
;;;Морозильные камеры Zanussi;http://20k.com.ua/morozilnye-kamery/zanussi/
;;Стиральные машины;http://20k.com.ua/stiralnye-mashiny/;;;;;
;;;Стиральные машины Beko;http://20k.com.ua/stiralnye-mashiny/beko/
;;;Стиральные машины Bosch;http://20k.com.ua/stiralnye-mashiny/bosch/
;;;Стиральные машины Candy;http://20k.com.ua/stiralnye-mashiny/candy/
;;;Стиральные машины Electrolux;http://20k.com.ua/stiralnye-mashiny/electrolux/
;;;Стиральные машины Gorenje ;http://20k.com.ua/stiralnye-mashiny/gorenje/
;;;Стиральные машины HOTPOINT-ARISTON;http://20k.com.ua/stiralnye-mashiny/hotpoint-ariston/
;;;Стиральные машины INDESIT;http://20k.com.ua/stiralnye-mashiny/indesit/
;;;Стиральные машины LG;http://20k.com.ua/stiralnye-mashiny/lg/
;;;Стиральные машины Panasonic;http://20k.com.ua/stiralnye-mashiny/panasonic/
;;;Стиральные машины Samsung;http://20k.com.ua/stiralnye-mashiny/samsung/
;;;Стиральные машины Whirlpool;http://20k.com.ua/stiralnye-mashiny/whirlpool/
;;;Стиральные машины Zanussi;http://20k.com.ua/stiralnye-mashiny/zanussi/
;;Холодильники;http://20k.com.ua/holodilniki/;;;;;
;;;Холодильники Bosch;http://20k.com.ua/holodilniki/bosch/
;;;Холодильники DELFA;http://20k.com.ua/holodilniki/delfa/
;;;Холодильники Electrolux;http://20k.com.ua/holodilniki/electrolux/
;;;Холодильники Gorenje ;http://20k.com.ua/holodilniki/gorenje/
;;;Холодильники HOTPOINT-ARISTON;http://20k.com.ua/holodilniki/hotpoint-ariston/
;;;Холодильники INDESIT;http://20k.com.ua/holodilniki/indesit/
;;;Холодильники Samsung;http://20k.com.ua/holodilniki/samsung/
;;;Холодильники Siemens;http://20k.com.ua/holodilniki/siemens/
;;;Холодильники SNAIGE;http://20k.com.ua/holodilniki/snaige/
;;;Холодильники VESTFROST;http://20k.com.ua/holodilniki/vestfrost/
;;;Холодильники Whirlpool;http://20k.com.ua/holodilniki/whirlpool/
;;;Холодильники Zanussi;http://20k.com.ua/holodilniki/zanussi/
;Встраиваемая техника;http:///vstraivaemaya-bytovaya-tehnika/;;;;;
;; Аксессуары для бытовой техники;http://20k.com.ua/aksessuary-dlya-bytovoj-tehniki/;;;;;
;;; Аксессуары для бытовой техники Fabiano;http://20k.com.ua/aksessuary-dlya-bytovoj-tehniki/fabiano/
;;Варочные поверхности ;http://20k.com.ua/varochnye-poverhnosti/;;;;;
;;;Варочные поверхности газовые;http://20k.com.ua/varochnye-poverhnosti-gazovye/;;;;
;;;;Варочные поверхности газовые AEG;http://20k.com.ua/varochnye-poverhnosti-gazovye/aeg/
;;;;Варочные поверхности газовые Beko;http://20k.com.ua/varochnye-poverhnosti-gazovye/beko/
;;;;Варочные поверхности газовые Bosch;http://20k.com.ua/varochnye-poverhnosti-gazovye/bosch/
;;;;Варочные поверхности газовые Candy;http://20k.com.ua/varochnye-poverhnosti-gazovye/candy/
;;;;Варочные поверхности газовые Electrolux;http://20k.com.ua/varochnye-poverhnosti-gazovye/electrolux/
;;;;Варочные поверхности газовые Fabiano;http://20k.com.ua/varochnye-poverhnosti-gazovye/fabiano/
;;;;Варочные поверхности газовые Gorenje ;http://20k.com.ua/varochnye-poverhnosti-gazovye/gorenje/
;;;;Варочные поверхности газовые HOTPOINT-ARISTON;http://20k.com.ua/varochnye-poverhnosti-gazovye/hotpoint-ariston/
;;;;Варочные поверхности газовые KAISER;http://20k.com.ua/varochnye-poverhnosti-gazovye/kaiser/
;;;;Варочные поверхности газовые LE CHEF;http://20k.com.ua/varochnye-poverhnosti-gazovye/le-chef/
;;;;Варочные поверхности газовые PYRAMIDA;http://20k.com.ua/varochnye-poverhnosti-gazovye/pyramida/
;;;;Варочные поверхности газовые Samsung;http://20k.com.ua/varochnye-poverhnosti-gazovye/samsung/
;;;;Варочные поверхности газовые Siemens;http://20k.com.ua/varochnye-poverhnosti-gazovye/siemens/
;;;;Варочные поверхности газовые Whirlpool;http://20k.com.ua/varochnye-poverhnosti-gazovye/whirlpool/
;;;;Варочные поверхности газовые Zanussi;http://20k.com.ua/varochnye-poverhnosti-gazovye/zanussi/
;;;Варочные поверхности комбинированные;http://20k.com.ua/varochnye-poverhnosti-kombinirovannye/;;;;
;;;;Варочные поверхности комбинированные Beko;http://20k.com.ua/varochnye-poverhnosti-kombinirovannye/beko/
;;;;Варочные поверхности комбинированные Candy;http://20k.com.ua/varochnye-poverhnosti-kombinirovannye/candy/
;;;;Варочные поверхности комбинированные Gorenje ;http://20k.com.ua/varochnye-poverhnosti-kombinirovannye/gorenje/
;;;;Варочные поверхности комбинированные Whirlpool;http://20k.com.ua/varochnye-poverhnosti-kombinirovannye/whirlpool/
;;;;Варочные поверхности комбинированные Zanussi;http://20k.com.ua/varochnye-poverhnosti-kombinirovannye/zanussi/
;;;Варочные поверхности электрические;http://20k.com.ua/varochnye-poverhnosti-elektricheskie/;;;;
;;;;Варочные поверхности электрические Beko;http://20k.com.ua/varochnye-poverhnosti-elektricheskie/beko/
;;;;Варочные поверхности электрические Bosch;http://20k.com.ua/varochnye-poverhnosti-elektricheskie/bosch/
;;;;Варочные поверхности электрические Candy;http://20k.com.ua/varochnye-poverhnosti-elektricheskie/candy/
;;;;Варочные поверхности электрические Electrolux;http://20k.com.ua/varochnye-poverhnosti-elektricheskie/electrolux/
;;;;Варочные поверхности электрические Fabiano;http://20k.com.ua/varochnye-poverhnosti-elektricheskie/fabiano/
;;;;Варочные поверхности электрические Gorenje ;http://20k.com.ua/varochnye-poverhnosti-elektricheskie/gorenje/
;;;;Варочные поверхности электрические KAISER;http://20k.com.ua/varochnye-poverhnosti-elektricheskie/kaiser/
;;;;Варочные поверхности электрические PYRAMIDA;http://20k.com.ua/varochnye-poverhnosti-elektricheskie/pyramida/
;;;;Варочные поверхности электрические Samsung;http://20k.com.ua/varochnye-poverhnosti-elektricheskie/samsung/
;;;;Варочные поверхности электрические Saturn;http://20k.com.ua/varochnye-poverhnosti-elektricheskie/saturn/
;;;;Варочные поверхности электрические Whirlpool;http://20k.com.ua/varochnye-poverhnosti-elektricheskie/whirlpool/
;;;;Варочные поверхности электрические Zanussi;http://20k.com.ua/varochnye-poverhnosti-elektricheskie/zanussi/
;;Вытяжки кухонные ;http://20k.com.ua/vytyazhki-kuhonnye/;;;;;
;;;Вытяжки кухонные Bosch;http://20k.com.ua/vytyazhki-kuhonnye/bosch/
;;;Вытяжки кухонные Electrolux;http://20k.com.ua/vytyazhki-kuhonnye/electrolux/
;;;Вытяжки кухонные Eleyus;http://20k.com.ua/vytyazhki-kuhonnye/eleyus/
;;;Вытяжки кухонные Elica;http://20k.com.ua/vytyazhki-kuhonnye/elica/
;;;Вытяжки кухонные Ergo;http://20k.com.ua/vytyazhki-kuhonnye/ergo/
;;;Вытяжки кухонные Fabiano;http://20k.com.ua/vytyazhki-kuhonnye/fabiano/
;;;Вытяжки кухонные Franke ;http://20k.com.ua/vytyazhki-kuhonnye/franke/
;;;Вытяжки кухонные Gorenje ;http://20k.com.ua/vytyazhki-kuhonnye/gorenje/
;;;Вытяжки кухонные KAISER;http://20k.com.ua/vytyazhki-kuhonnye/kaiser/
;;;Вытяжки кухонные PYRAMIDA;http://20k.com.ua/vytyazhki-kuhonnye/pyramida/
;;;Вытяжки кухонные Teka;http://20k.com.ua/vytyazhki-kuhonnye/teka/
;;;Вытяжки кухонные Ventolux;http://20k.com.ua/vytyazhki-kuhonnye/ventolux/
;;;Вытяжки кухонные Whirlpool;http://20k.com.ua/vytyazhki-kuhonnye/whirlpool/
;;Духовые шкафы ;http://20k.com.ua/duhovye-shkafy/;;;;;
;;;Духовые шкафы AEG;http://20k.com.ua/duhovye-shkafy/aeg/
;;;Духовые шкафы Beko;http://20k.com.ua/duhovye-shkafy/beko/
;;;Духовые шкафы Bosch;http://20k.com.ua/duhovye-shkafy/bosch/
;;;Духовые шкафы Candy;http://20k.com.ua/duhovye-shkafy/candy/
;;;Духовые шкафы Electrolux;http://20k.com.ua/duhovye-shkafy/electrolux/
;;;Духовые шкафы Fabiano;http://20k.com.ua/duhovye-shkafy/fabiano/
;;;Духовые шкафы Gorenje ;http://20k.com.ua/duhovye-shkafy/gorenje/
;;;Духовые шкафы HANSA;http://20k.com.ua/duhovye-shkafy/hansa/
;;;Духовые шкафы HOTPOINT-ARISTON;http://20k.com.ua/duhovye-shkafy/hotpoint-ariston/
;;;Духовые шкафы KAISER;http://20k.com.ua/duhovye-shkafy/kaiser/
;;;Духовые шкафы LE CHEF;http://20k.com.ua/duhovye-shkafy/le-chef/
;;;Духовые шкафы PYRAMIDA;http://20k.com.ua/duhovye-shkafy/pyramida/
;;;Духовые шкафы Samsung;http://20k.com.ua/duhovye-shkafy/samsung/
;;;Духовые шкафы Saturn;http://20k.com.ua/duhovye-shkafy/saturn/
;;;Духовые шкафы Whirlpool;http://20k.com.ua/duhovye-shkafy/whirlpool/
;;;Духовые шкафы Zanussi;http://20k.com.ua/duhovye-shkafy/zanussi/
;;Кофемашины ;http://20k.com.ua/kofemashiny2/;;;;;
;;;Кофемашины DeLonghi ;http://20k.com.ua/kofemashiny2/delonghi/
;;;Кофемашины Moulinex;http://20k.com.ua/kofemashiny2/moulinex/
;;;Кофемашины Philips;http://20k.com.ua/kofemashiny2/philips/
;;;Кофемашины Saeco;http://20k.com.ua/kofemashiny2/saeco/
;;;Кофемашины Zelmer;http://20k.com.ua/kofemashiny2/zelmer/
;;Микроволновые печи;http://20k.com.ua/mikrovolnovye-pechi/;;;;;
;;;Микроволновые печи Ariete;http://20k.com.ua/mikrovolnovye-pechi/ariete/
;;;Микроволновые печи Bosch;http://20k.com.ua/mikrovolnovye-pechi/bosch/
;;;Микроволновые печи Fabiano;http://20k.com.ua/mikrovolnovye-pechi/fabiano/
;;;Микроволновые печи KAISER;http://20k.com.ua/mikrovolnovye-pechi/kaiser/
;;;Микроволновые печи LG;http://20k.com.ua/mikrovolnovye-pechi/lg/
;;;Микроволновые печи Panasonic;http://20k.com.ua/mikrovolnovye-pechi/panasonic/
;;;Микроволновые печи Scarlett;http://20k.com.ua/mikrovolnovye-pechi/scarlett/
;;;Микроволновые печи Whirlpool;http://20k.com.ua/mikrovolnovye-pechi/whirlpool/
;;;Микроволновые печи Zelmer;http://20k.com.ua/mikrovolnovye-pechi/zelmer/
;;Посудомоечные машины;http://20k.com.ua/posudomoechnye-mashiny/;;;;;
;;;Посудомоечные машины Beko;http://20k.com.ua/posudomoechnye-mashiny/beko/
;;;Посудомоечные машины Bosch;http://20k.com.ua/posudomoechnye-mashiny/bosch/
;;;Посудомоечные машины Candy;http://20k.com.ua/posudomoechnye-mashiny/candy/
;;;Посудомоечные машины DELFA;http://20k.com.ua/posudomoechnye-mashiny/delfa/
;;;Посудомоечные машины Electrolux;http://20k.com.ua/posudomoechnye-mashiny/electrolux/
;;;Посудомоечные машины HANSA;http://20k.com.ua/posudomoechnye-mashiny/hansa/
;;;Посудомоечные машины HOTPOINT-ARISTON;http://20k.com.ua/posudomoechnye-mashiny/hotpoint-ariston/
;;;Посудомоечные машины KAISER;http://20k.com.ua/posudomoechnye-mashiny/kaiser/
;;;Посудомоечные машины Whirlpool;http://20k.com.ua/posudomoechnye-mashiny/whirlpool/
;;;Посудомоечные машины Zanussi;http://20k.com.ua/posudomoechnye-mashiny/zanussi/
;;Холодильники встраиваемые;http://20k.com.ua/holodilniki-vstraivaemye/;;;;;
;;;Холодильники встраиваемые Whirlpool;http://20k.com.ua/holodilniki-vstraivaemye/whirlpool/
;;;Холодильники встраиваемые Zanussi;http://20k.com.ua/holodilniki-vstraivaemye/zanussi/
;Инструмент;http:///instrumenty/;;;;;
;;Измерительный инструмент;http://20k.com.ua/izmeritelnyj-instrument/;;;;;
;;;Измерительный инструмент STANLEY;http://20k.com.ua/izmeritelnyj-instrument/stanley/
;;Лазерный, оптический измерительный инструмент;http://20k.com.ua/lazernyj-opticheskij-izmeritelnyj-instrument/;;;;;
;;;Лазерный, оптический измерительный инструмент STANLEY;http://20k.com.ua/lazernyj-opticheskij-izmeritelnyj-instrument/stanley/
;;Сверлильный электроинструмент;http://20k.com.ua/sverlilnyj-elektroinstrument/;;;;;
;;;Сверлильный электроинструмент BLACK&DECKER;http://20k.com.ua/sverlilnyj-elektroinstrument/blackdecker/
;;;Сверлильный электроинструмент STANLEY;http://20k.com.ua/sverlilnyj-elektroinstrument/stanley/
;;Слесарный инструмент;http://20k.com.ua/slesarnyj-instrument/;;;;;
;;;Слесарный инструмент BLACK&DECKER;http://20k.com.ua/slesarnyj-instrument/blackdecker/
;;;Слесарный инструмент DEWALT;http://20k.com.ua/slesarnyj-instrument/dewalt/
;;;Слесарный инструмент STANLEY;http://20k.com.ua/slesarnyj-instrument/stanley/
;;Специализированный электроинструмент;http://20k.com.ua/specializirovannyj-elektroinstrument/;;;;;
;;;Специализированный электроинструмент BLACK&DECKER;http://20k.com.ua/specializirovannyj-elektroinstrument/blackdecker/
;;;Специализированный электроинструмент STANLEY;http://20k.com.ua/specializirovannyj-elektroinstrument/stanley/
;;Шлифовальный, отрезной электроинструмент;http://20k.com.ua/shlifovalnyj-otreznoj-elektroinstrument/;;;;;
;;;Шлифовальный, отрезной электроинструмент BLACK&DECKER;http://20k.com.ua/shlifovalnyj-otreznoj-elektroinstrument/blackdecker/
;;;Шлифовальный, отрезной электроинструмент STANLEY;http://20k.com.ua/shlifovalnyj-otreznoj-elektroinstrument/stanley/
;Мелкая бытовая техника;http:///melkaya-bytovaya-tehnika/;;;;;
;;Блендеры;http://20k.com.ua/blendery/;;;;;
;;;Блендеры Ariete;http://20k.com.ua/blendery/ariete/
;;;Блендеры Bosch;http://20k.com.ua/blendery/bosch/
;;;Блендеры Braun;http://20k.com.ua/blendery/braun/
;;;Блендеры DELFA;http://20k.com.ua/blendery/delfa/
;;;Блендеры Ergo;http://20k.com.ua/blendery/ergo/
;;;Блендеры Gorenje ;http://20k.com.ua/blendery/gorenje/
;;;Блендеры Kenwood;http://20k.com.ua/blendery/kenwood/
;;;Блендеры LE CHEF;http://20k.com.ua/blendery/le-chef/
;;;Блендеры Maxwell;http://20k.com.ua/blendery/maxwell/
;;;Блендеры Moulinex;http://20k.com.ua/blendery/moulinex/
;;;Блендеры Panasonic;http://20k.com.ua/blendery/panasonic/
;;;Блендеры Philips;http://20k.com.ua/blendery/philips/
;;;Блендеры Polaris;http://20k.com.ua/blendery/polaris/
;;;Блендеры Redmond;http://20k.com.ua/blendery/redmond/
;;;Блендеры Rotex;http://20k.com.ua/blendery/rotex/
;;;Блендеры Saturn;http://20k.com.ua/blendery/saturn/
;;;Блендеры Shivaki;http://20k.com.ua/blendery/shivaki/
;;;Блендеры Vitek;http://20k.com.ua/blendery/vitek/
;;;Блендеры Zelmer;http://20k.com.ua/blendery/zelmer/
;;Вентиляторы ;http://20k.com.ua/ventilyatory/;;;;;
;;;Вентиляторы DELFA;http://20k.com.ua/ventilyatory/delfa/
;;;Вентиляторы Ergo;http://20k.com.ua/ventilyatory/ergo/
;;;Вентиляторы Rotex;http://20k.com.ua/ventilyatory/rotex/
;;;Вентиляторы Scarlett;http://20k.com.ua/ventilyatory/scarlett/
;;Весы ;http://20k.com.ua/vesy/;;;;;
;;;Весы Bosch;http://20k.com.ua/vesy/bosch/
;;;Весы DELFA;http://20k.com.ua/vesy/delfa/
;;;Весы First;http://20k.com.ua/vesy/first/
;;;Весы Gorenje ;http://20k.com.ua/vesy/gorenje/
;;;Весы Kenwood;http://20k.com.ua/vesy/kenwood/
;;;Весы Magio;http://20k.com.ua/vesy/magio/
;;;Весы Maxwell;http://20k.com.ua/vesy/maxwell/
;;;Весы Mystery;http://20k.com.ua/vesy/mystery/
;;;Весы Polaris;http://20k.com.ua/vesy/polaris/
;;;Весы Redmond;http://20k.com.ua/vesy/redmond/
;;;Весы Rotex;http://20k.com.ua/vesy/rotex/
;;;Весы Saturn;http://20k.com.ua/vesy/saturn/
;;;Весы Scarlett;http://20k.com.ua/vesy/scarlett/
;;;Весы Tefal ;http://20k.com.ua/vesy/tefal/
;;;Весы Vitek;http://20k.com.ua/vesy/vitek/
;;;Весы Xiaomi;http://20k.com.ua/vesy/xiaomi/
;;;Весы Zelmer;http://20k.com.ua/vesy/zelmer/
;;Для укладки волос;http://20k.com.ua/vypryamiteli-volos/;;;;;
;;;Для укладки волос Braun;http://20k.com.ua/vypryamiteli-volos/braun/
;;;Для укладки волос DELFA;http://20k.com.ua/vypryamiteli-volos/delfa/
;;;Для укладки волос Maxwell;http://20k.com.ua/vypryamiteli-volos/maxwell/
;;;Для укладки волос Panasonic;http://20k.com.ua/vypryamiteli-volos/panasonic/
;;;Для укладки волос Philips;http://20k.com.ua/vypryamiteli-volos/philips/
;;;Для укладки волос Rowenta;http://20k.com.ua/vypryamiteli-volos/rowenta/
;;;Для укладки волос Saturn;http://20k.com.ua/vypryamiteli-volos/saturn/
;;;Для укладки волос Vitek;http://20k.com.ua/vypryamiteli-volos/vitek/
;;Зубные электрощетки;http://20k.com.ua/zubnye-elektroshetki/;;;;;
;;;Зубные электрощетки Braun;http://20k.com.ua/zubnye-elektroshetki/braun/
;;Йогуртницы;http://20k.com.ua/jogurtnicy/;;;;;
;;;Йогуртницы Ariete;http://20k.com.ua/jogurtnicy/ariete/
;;;Йогуртницы Maxwell;http://20k.com.ua/jogurtnicy/maxwell/
;;;Йогуртницы Moulinex;http://20k.com.ua/jogurtnicy/moulinex/
;;;Йогуртницы Rotex;http://20k.com.ua/jogurtnicy/rotex/
;;;Йогуртницы Saturn;http://20k.com.ua/jogurtnicy/saturn/
;;;Йогуртницы Tefal ;http://20k.com.ua/jogurtnicy/tefal/
;;Кофеварки;http://20k.com.ua/kofemashiny/;;;;;
;;;Кофеварки Ariete;http://20k.com.ua/kofemashiny/ariete/
;;;Кофеварки DELFA;http://20k.com.ua/kofemashiny/delfa/
;;;Кофеварки DeLonghi ;http://20k.com.ua/kofemashiny/delonghi/
;;;Кофеварки Electrolux;http://20k.com.ua/kofemashiny/electrolux/
;;;Кофеварки Kenwood;http://20k.com.ua/kofemashiny/kenwood/
;;;Кофеварки KRUPS;http://20k.com.ua/kofemashiny/krups/
;;;Кофеварки Maxwell;http://20k.com.ua/kofemashiny/maxwell/
;;;Кофеварки Moulinex;http://20k.com.ua/kofemashiny/moulinex/
;;;Кофеварки Panasonic;http://20k.com.ua/kofemashiny/panasonic/
;;;Кофеварки Philips;http://20k.com.ua/kofemashiny/philips/
;;;Кофеварки Polaris;http://20k.com.ua/kofemashiny/polaris/
;;;Кофеварки Rowenta;http://20k.com.ua/kofemashiny/rowenta/
;;;Кофеварки Saturn;http://20k.com.ua/kofemashiny/saturn/
;;;Кофеварки Vitek;http://20k.com.ua/kofemashiny/vitek/
;;;Кофеварки Zelmer;http://20k.com.ua/kofemashiny/zelmer/
;;Кофемолки;http://20k.com.ua/kofemolki/;;;;;
;;;Кофемолки Bosch;http://20k.com.ua/kofemolki/bosch/
;;;Кофемолки DELFA;http://20k.com.ua/kofemolki/delfa/
;;;Кофемолки DeLonghi ;http://20k.com.ua/kofemolki/delonghi/
;;;Кофемолки Gorenje ;http://20k.com.ua/kofemolki/gorenje/
;;;Кофемолки KRUPS;http://20k.com.ua/kofemolki/krups/
;;;Кофемолки Moulinex;http://20k.com.ua/kofemolki/moulinex/
;;;Кофемолки Rotex;http://20k.com.ua/kofemolki/rotex/
;;;Кофемолки Saturn;http://20k.com.ua/kofemolki/saturn/
;;;Кофемолки Tefal ;http://20k.com.ua/kofemolki/tefal/
;;;Кофемолки Vitek;http://20k.com.ua/kofemolki/vitek/
;;Кухонные комбайны ;http://20k.com.ua/kuhonnye-kombajny/;;;;;
;;;Кухонные комбайны Ariete;http://20k.com.ua/kuhonnye-kombajny/ariete/
;;;Кухонные комбайны Bosch;http://20k.com.ua/kuhonnye-kombajny/bosch/
;;;Кухонные комбайны Braun;http://20k.com.ua/kuhonnye-kombajny/braun/
;;;Кухонные комбайны Kenwood;http://20k.com.ua/kuhonnye-kombajny/kenwood/
;;;Кухонные комбайны Mirta;http://20k.com.ua/kuhonnye-kombajny/mirta/
;;;Кухонные комбайны Moulinex;http://20k.com.ua/kuhonnye-kombajny/moulinex/
;;;Кухонные комбайны Panasonic;http://20k.com.ua/kuhonnye-kombajny/panasonic/
;;;Кухонные комбайны Philips;http://20k.com.ua/kuhonnye-kombajny/philips/
;;;Кухонные комбайны Polaris;http://20k.com.ua/kuhonnye-kombajny/polaris/
;;;Кухонные комбайны Redmond;http://20k.com.ua/kuhonnye-kombajny/redmond/
;;;Кухонные комбайны Saturn;http://20k.com.ua/kuhonnye-kombajny/saturn/
;;Ломторезки;http://20k.com.ua/lomtorezki/;;;;;
;;;Ломторезки Bosch;http://20k.com.ua/lomtorezki/bosch/
;;Массажеры;http://20k.com.ua/massazhery/;;;;;
;;;Массажеры Maxwell;http://20k.com.ua/massazhery/maxwell/
;;;Массажеры Vitek;http://20k.com.ua/massazhery/vitek/
;;Машинки для стрижки и триммеры;http://20k.com.ua/mashinki-dlya-strizhki-i-trimmery/;;;;;
;;;Машинки для стрижки и триммеры Braun;http://20k.com.ua/mashinki-dlya-strizhki-i-trimmery/braun/
;;;Машинки для стрижки и триммеры DELFA;http://20k.com.ua/mashinki-dlya-strizhki-i-trimmery/delfa/
;;;Машинки для стрижки и триммеры Magio;http://20k.com.ua/mashinki-dlya-strizhki-i-trimmery/magio/
;;;Машинки для стрижки и триммеры Maxwell;http://20k.com.ua/mashinki-dlya-strizhki-i-trimmery/maxwell/
;;;Машинки для стрижки и триммеры Panasonic;http://20k.com.ua/mashinki-dlya-strizhki-i-trimmery/panasonic/
;;;Машинки для стрижки и триммеры Philips;http://20k.com.ua/mashinki-dlya-strizhki-i-trimmery/philips/
;;;Машинки для стрижки и триммеры Polaris;http://20k.com.ua/mashinki-dlya-strizhki-i-trimmery/polaris/
;;;Машинки для стрижки и триммеры Rowenta;http://20k.com.ua/mashinki-dlya-strizhki-i-trimmery/rowenta/
;;;Машинки для стрижки и триммеры Saturn;http://20k.com.ua/mashinki-dlya-strizhki-i-trimmery/saturn/
;;;Машинки для стрижки и триммеры Vitek;http://20k.com.ua/mashinki-dlya-strizhki-i-trimmery/vitek/
;;;Машинки для стрижки и триммеры Zelmer;http://20k.com.ua/mashinki-dlya-strizhki-i-trimmery/zelmer/
;;Миксеры;http://20k.com.ua/miksery/;;;;;
;;;Миксеры Bosch;http://20k.com.ua/miksery/bosch/
;;;Миксеры Braun;http://20k.com.ua/miksery/braun/
;;;Миксеры DELFA;http://20k.com.ua/miksery/delfa/
;;;Миксеры Gorenje ;http://20k.com.ua/miksery/gorenje/
;;;Миксеры Kenwood;http://20k.com.ua/miksery/kenwood/
;;;Миксеры LE CHEF;http://20k.com.ua/miksery/le-chef/
;;;Миксеры Moulinex;http://20k.com.ua/miksery/moulinex/
;;;Миксеры Panasonic;http://20k.com.ua/miksery/panasonic/
;;;Миксеры Philips;http://20k.com.ua/miksery/philips/
;;;Миксеры Polaris;http://20k.com.ua/miksery/polaris/
;;;Миксеры Rotex;http://20k.com.ua/miksery/rotex/
;;;Миксеры Saturn;http://20k.com.ua/miksery/saturn/
;;;Миксеры Tefal ;http://20k.com.ua/miksery/tefal/
;;;Миксеры Vitek;http://20k.com.ua/miksery/vitek/
;;Мороженица;http://20k.com.ua/morozhenica/;;;;;
;;;Мороженица Kenwood;http://20k.com.ua/morozhenica/kenwood/
;;Мультиварки ;http://20k.com.ua/multivarki/;;;;;
;;;Мультиварки Binatone;http://20k.com.ua/multivarki/binatone/
;;;Мультиварки DELFA;http://20k.com.ua/multivarki/delfa/
;;;Мультиварки DEX;http://20k.com.ua/multivarki/dex/
;;;Мультиварки Ergo;http://20k.com.ua/multivarki/ergo/
;;;Мультиварки Gorenje ;http://20k.com.ua/multivarki/gorenje/
;;;Мультиварки LE CHEF;http://20k.com.ua/multivarki/le-chef/
;;;Мультиварки Maxwell;http://20k.com.ua/multivarki/maxwell/
;;;Мультиварки Moulinex;http://20k.com.ua/multivarki/moulinex/
;;;Мультиварки Panasonic;http://20k.com.ua/multivarki/panasonic/
;;;Мультиварки Philips;http://20k.com.ua/multivarki/philips/
;;;Мультиварки Polaris;http://20k.com.ua/multivarki/polaris/
;;;Мультиварки Redmond;http://20k.com.ua/multivarki/redmond/
;;;Мультиварки Rotex;http://20k.com.ua/multivarki/rotex/
;;;Мультиварки Saturn;http://20k.com.ua/multivarki/saturn/
;;;Мультиварки Scarlett;http://20k.com.ua/multivarki/scarlett/
;;;Мультиварки Shivaki;http://20k.com.ua/multivarki/shivaki/
;;;Мультиварки Supra;http://20k.com.ua/multivarki/supra/
;;;Мультиварки Vitek;http://20k.com.ua/multivarki/vitek/
;;Мясорубки ;http://20k.com.ua/myasorubki/;;;;;
;;;Мясорубки Bosch;http://20k.com.ua/myasorubki/bosch/
;;;Мясорубки Braun;http://20k.com.ua/myasorubki/braun/
;;;Мясорубки DELFA;http://20k.com.ua/myasorubki/delfa/
;;;Мясорубки DeLonghi ;http://20k.com.ua/myasorubki/delonghi/
;;;Мясорубки Ergo;http://20k.com.ua/myasorubki/ergo/
;;;Мясорубки Gorenje ;http://20k.com.ua/myasorubki/gorenje/
;;;Мясорубки Kenwood;http://20k.com.ua/myasorubki/kenwood/
;;;Мясорубки Mirta;http://20k.com.ua/myasorubki/mirta/
;;;Мясорубки Moulinex;http://20k.com.ua/myasorubki/moulinex/
;;;Мясорубки Panasonic;http://20k.com.ua/myasorubki/panasonic/
;;;Мясорубки Philips;http://20k.com.ua/myasorubki/philips/
;;;Мясорубки Polaris;http://20k.com.ua/myasorubki/polaris/
;;;Мясорубки Redmond;http://20k.com.ua/myasorubki/redmond/
;;;Мясорубки Rotex;http://20k.com.ua/myasorubki/rotex/
;;;Мясорубки Saturn;http://20k.com.ua/myasorubki/saturn/
;;;Мясорубки Scarlett;http://20k.com.ua/myasorubki/scarlett/
;;;Мясорубки Vertex;http://20k.com.ua/myasorubki/vertex/
;;;Мясорубки Vitek;http://20k.com.ua/myasorubki/vitek/
;;;Мясорубки Zelmer;http://20k.com.ua/myasorubki/zelmer/
;;Настольные плиты и духовки;http://20k.com.ua/nastolnye-plity-i-duhovki/;;;;;
;;;Настольные плиты и духовки Philippe Ratek;http://20k.com.ua/nastolnye-plity-i-duhovki/philippe-ratek/
;;Обогреватели;http://20k.com.ua/obogrevateli/;;;;;
;;;Обогреватели AEG;http://20k.com.ua/obogrevateli/aeg/
;;;Обогреватели CALORE;http://20k.com.ua/obogrevateli/calore/
;;;Обогреватели Clatronic;http://20k.com.ua/obogrevateli/clatronic/
;;;Обогреватели DELFA;http://20k.com.ua/obogrevateli/delfa/
;;;Обогреватели DeLonghi ;http://20k.com.ua/obogrevateli/delonghi/
;;;Обогреватели Ergo;http://20k.com.ua/obogrevateli/ergo/
;;;Обогреватели ETALON;http://20k.com.ua/obogrevateli/etalon/
;;;Обогреватели КАМ-ИН;http://20k.com.ua/obogrevateli/kam-/
;;;Обогреватели Maxwell;http://20k.com.ua/obogrevateli/maxwell/
;;;Обогреватели Opti;http://20k.com.ua/obogrevateli/opti/
;;;Обогреватели Polaris;http://20k.com.ua/obogrevateli/polaris/
;;;Обогреватели Rotex;http://20k.com.ua/obogrevateli/rotex/
;;;Обогреватели Saturn;http://20k.com.ua/obogrevateli/saturn/
;;;Обогреватели Scarlett;http://20k.com.ua/obogrevateli/scarlett/
;;Пароварки;http://20k.com.ua/parovarki/;;;;;
;;;Пароварки Bosch;http://20k.com.ua/parovarki/bosch/
;;;Пароварки Braun;http://20k.com.ua/parovarki/braun/
;;;Пароварки Ergo;http://20k.com.ua/parovarki/ergo/
;;;Пароварки Kenwood;http://20k.com.ua/parovarki/kenwood/
;;;Пароварки Philips;http://20k.com.ua/parovarki/philips/
;;;Пароварки Rotex;http://20k.com.ua/parovarki/rotex/
;;;Пароварки Scarlett;http://20k.com.ua/parovarki/scarlett/
;;;Пароварки Tefal ;http://20k.com.ua/parovarki/tefal/
;;;Пароварки Vitek;http://20k.com.ua/parovarki/vitek/
;;Приборы для маникюра и педикюра;http://20k.com.ua/pribory-dlya-manikyura-i-pedikyura/;;;;;
;;;Приборы для маникюра и педикюра Maxwell;http://20k.com.ua/pribory-dlya-manikyura-i-pedikyura/maxwell/
;;;Приборы для маникюра и педикюра Vitek;http://20k.com.ua/pribory-dlya-manikyura-i-pedikyura/vitek/
;;Пылесосы ;http://20k.com.ua/pylesosy/;;;;;
;;;Пылесосы Ariete;http://20k.com.ua/pylesosy/ariete/
;;;Пылесосы BLACK&DECKER;http://20k.com.ua/pylesosy/blackdecker/
;;;Пылесосы Bosch;http://20k.com.ua/pylesosy/bosch/
;;;Пылесосы Daewoo;http://20k.com.ua/pylesosy/daewoo/
;;;Пылесосы DELFA;http://20k.com.ua/pylesosy/delfa/
;;;Пылесосы Electrolux;http://20k.com.ua/pylesosy/electrolux/
;;;Пылесосы Gorenje ;http://20k.com.ua/pylesosy/gorenje/
;;;Пылесосы Karcher;http://20k.com.ua/pylesosy/karcher/
;;;Пылесосы LG;http://20k.com.ua/pylesosy/lg/
;;;Пылесосы Neato;http://20k.com.ua/pylesosy/neato/
;;;Пылесосы Philips;http://20k.com.ua/pylesosy/philips/
;;;Пылесосы Redmond;http://20k.com.ua/pylesosy/redmond/
;;;Пылесосы Rotex;http://20k.com.ua/pylesosy/rotex/
;;;Пылесосы Rowenta;http://20k.com.ua/pylesosy/rowenta/
;;;Пылесосы Samsung;http://20k.com.ua/pylesosy/samsung/
;;;Пылесосы Saturn;http://20k.com.ua/pylesosy/saturn/
;;;Пылесосы Supra;http://20k.com.ua/pylesosy/supra/
;;;Пылесосы THOMAS;http://20k.com.ua/pylesosy/thomas/
;;;Пылесосы Vitek;http://20k.com.ua/pylesosy/vitek/
;;;Пылесосы Zanussi;http://20k.com.ua/pylesosy/zanussi/
;;;Пылесосы Zelmer;http://20k.com.ua/pylesosy/zelmer/
;;СВЧ;http://20k.com.ua/svch/;;;;;
;;;СВЧ Bosch;http://20k.com.ua/svch/bosch/
;;;СВЧ Candy;http://20k.com.ua/svch/candy/
;;;СВЧ Daewoo;http://20k.com.ua/svch/daewoo/
;;;СВЧ DELFA;http://20k.com.ua/svch/delfa/
;;;СВЧ Electrolux;http://20k.com.ua/svch/electrolux/
;;;СВЧ Gorenje ;http://20k.com.ua/svch/gorenje/
;;;СВЧ KAISER;http://20k.com.ua/svch/kaiser/
;;;СВЧ LG;http://20k.com.ua/svch/lg/
;;;СВЧ Panasonic;http://20k.com.ua/svch/panasonic/
;;;СВЧ Philips;http://20k.com.ua/svch/philips/
;;;СВЧ Samsung;http://20k.com.ua/svch/samsung/
;;;СВЧ Saturn;http://20k.com.ua/svch/saturn/
;;;СВЧ Scarlett;http://20k.com.ua/svch/scarlett/
;;;СВЧ Supra;http://20k.com.ua/svch/supra/
;;;СВЧ Whirlpool;http://20k.com.ua/svch/whirlpool/
;;Соковыжималки ;http://20k.com.ua/sokovyzhimalki/;;;;;
;;;Соковыжималки Ariete;http://20k.com.ua/sokovyzhimalki/ariete/
;;;Соковыжималки Bosch;http://20k.com.ua/sokovyzhimalki/bosch/
;;;Соковыжималки Braun;http://20k.com.ua/sokovyzhimalki/braun/
;;;Соковыжималки Kenwood;http://20k.com.ua/sokovyzhimalki/kenwood/
;;;Соковыжималки Moulinex;http://20k.com.ua/sokovyzhimalki/moulinex/
;;;Соковыжималки Panasonic;http://20k.com.ua/sokovyzhimalki/panasonic/
;;;Соковыжималки Philips;http://20k.com.ua/sokovyzhimalki/philips/
;;;Соковыжималки Polaris;http://20k.com.ua/sokovyzhimalki/polaris/
;;;Соковыжималки Rotex;http://20k.com.ua/sokovyzhimalki/rotex/
;;;Соковыжималки Scarlett;http://20k.com.ua/sokovyzhimalki/scarlett/
;;;Соковыжималки Tefal ;http://20k.com.ua/sokovyzhimalki/tefal/
;;;Соковыжималки Vitek;http://20k.com.ua/sokovyzhimalki/vitek/
;;;Соковыжималки Zelmer;http://20k.com.ua/sokovyzhimalki/zelmer/
;;Сушилки для овощей и фруктов;http://20k.com.ua/sushki/;;;;;
;;;Сушилки для овощей и фруктов Philips;http://20k.com.ua/sushki/philips/
;;;Сушилки для овощей и фруктов Rotex;http://20k.com.ua/sushki/rotex/
;;;Сушилки для овощей и фруктов Zelmer;http://20k.com.ua/sushki/zelmer/
;;Термопот;http://20k.com.ua/termopot/;;;;;
;;;Термопот Maxwell;http://20k.com.ua/termopot/maxwell/
;;;Термопот Panasonic;http://20k.com.ua/termopot/panasonic/
;;;Термопот Vitek;http://20k.com.ua/termopot/vitek/
;;Термосы;http://20k.com.ua/termosy/;;;;;
;;;Термосы Con Brio;http://20k.com.ua/termosy/con-brio/
;;Тостеры;http://20k.com.ua/tostery/;;;;;
;;;Тостеры Ariete;http://20k.com.ua/tostery/ariete/
;;;Тостеры Bosch;http://20k.com.ua/tostery/bosch/
;;;Тостеры DeLonghi ;http://20k.com.ua/tostery/delonghi/
;;;Тостеры Gorenje ;http://20k.com.ua/tostery/gorenje/
;;;Тостеры Kenwood;http://20k.com.ua/tostery/kenwood/
;;;Тостеры Magio;http://20k.com.ua/tostery/magio/
;;;Тостеры Maxwell;http://20k.com.ua/tostery/maxwell/
;;;Тостеры Moulinex;http://20k.com.ua/tostery/moulinex/
;;;Тостеры Panasonic;http://20k.com.ua/tostery/panasonic/
;;;Тостеры Philips;http://20k.com.ua/tostery/philips/
;;;Тостеры Polaris;http://20k.com.ua/tostery/polaris/
;;;Тостеры Redmond;http://20k.com.ua/tostery/redmond/
;;;Тостеры Saturn;http://20k.com.ua/tostery/saturn/
;;;Тостеры Tefal ;http://20k.com.ua/tostery/tefal/
;;;Тостеры Vitek;http://20k.com.ua/tostery/vitek/
;;Увлажнители и очистители воздуха;http://20k.com.ua/uvlazhniteli-vozduha/;;;;;
;;;Увлажнители и очистители воздуха DeLonghi ;http://20k.com.ua/uvlazhniteli-vozduha/delonghi/
;;;Увлажнители и очистители воздуха Ergo;http://20k.com.ua/uvlazhniteli-vozduha/ergo/
;;;Увлажнители и очистители воздуха Saturn;http://20k.com.ua/uvlazhniteli-vozduha/saturn/
;;;Увлажнители и очистители воздуха Scarlett;http://20k.com.ua/uvlazhniteli-vozduha/scarlett/
;;;Увлажнители и очистители воздуха Vitek;http://20k.com.ua/uvlazhniteli-vozduha/vitek/
;;;Увлажнители и очистители воздуха Xiaomi;http://20k.com.ua/uvlazhniteli-vozduha/xiaomi/
;;Утюги ;http://20k.com.ua/utyugi/;;;;;
;;;Утюги Ariete;http://20k.com.ua/utyugi/ariete/
;;;Утюги Bosch;http://20k.com.ua/utyugi/bosch/
;;;Утюги Braun;http://20k.com.ua/utyugi/braun/
;;;Утюги DELFA;http://20k.com.ua/utyugi/delfa/
;;;Утюги DeLonghi ;http://20k.com.ua/utyugi/delonghi/
;;;Утюги Electrolux;http://20k.com.ua/utyugi/electrolux/
;;;Утюги Ergo;http://20k.com.ua/utyugi/ergo/
;;;Утюги Gorenje ;http://20k.com.ua/utyugi/gorenje/
;;;Утюги Maxwell;http://20k.com.ua/utyugi/maxwell/
;;;Утюги Panasonic;http://20k.com.ua/utyugi/panasonic/
;;;Утюги Philips;http://20k.com.ua/utyugi/philips/
;;;Утюги Polaris;http://20k.com.ua/utyugi/polaris/
;;;Утюги Redmond;http://20k.com.ua/utyugi/redmond/
;;;Утюги Rotex;http://20k.com.ua/utyugi/rotex/
;;;Утюги Rowenta;http://20k.com.ua/utyugi/rowenta/
;;;Утюги Samsung;http://20k.com.ua/utyugi/samsung/
;;;Утюги Saturn;http://20k.com.ua/utyugi/saturn/
;;;Утюги Tefal ;http://20k.com.ua/utyugi/tefal/
;;;Утюги Vitek;http://20k.com.ua/utyugi/vitek/
;;;Утюги Zanussi;http://20k.com.ua/utyugi/zanussi/
;;Фены ;http://20k.com.ua/feny/;;;;;
;;;Фены Bosch;http://20k.com.ua/feny/bosch/
;;;Фены Braun;http://20k.com.ua/feny/braun/
;;;Фены Magio;http://20k.com.ua/feny/magio/
;;;Фены Panasonic;http://20k.com.ua/feny/panasonic/
;;;Фены Philips;http://20k.com.ua/feny/philips/
;;;Фены Redmond;http://20k.com.ua/feny/redmond/
;;;Фены Rotex;http://20k.com.ua/feny/rotex/
;;;Фены Rowenta;http://20k.com.ua/feny/rowenta/
;;;Фены Saturn;http://20k.com.ua/feny/saturn/
;;;Фены Vitek;http://20k.com.ua/feny/vitek/
;;;Фены DELFA;http://20k.com.ua/feny/delfa/
;;;Фены Maxwell;http://20k.com.ua/feny/maxwell/
;;;Фены Polaris;http://20k.com.ua/feny/polaris/
;;Хлебопечки ;http://20k.com.ua/hlebopechki/;;;;;
;;;Хлебопечки Kenwood;http://20k.com.ua/hlebopechki/kenwood/
;;;Хлебопечки Maxwell;http://20k.com.ua/hlebopechki/maxwell/
;;;Хлебопечки Moulinex;http://20k.com.ua/hlebopechki/moulinex/
;;;Хлебопечки Panasonic;http://20k.com.ua/hlebopechki/panasonic/
;;;Хлебопечки Philips;http://20k.com.ua/hlebopechki/philips/
;;;Хлебопечки Redmond;http://20k.com.ua/hlebopechki/redmond/
;;;Хлебопечки Rotex;http://20k.com.ua/hlebopechki/rotex/
;;;Хлебопечки Saturn;http://20k.com.ua/hlebopechki/saturn/
;;Электробритвы;http://20k.com.ua/elektrobritvy/;;;;;
;;;Электробритвы Braun;http://20k.com.ua/elektrobritvy/braun/
;;;Электробритвы DELFA;http://20k.com.ua/elektrobritvy/delfa/
;;;Электробритвы Panasonic;http://20k.com.ua/elektrobritvy/panasonic/
;;;Электробритвы Philips;http://20k.com.ua/elektrobritvy/philips/
;;;Электробритвы Polaris;http://20k.com.ua/elektrobritvy/polaris/
;;;Электробритвы Saturn;http://20k.com.ua/elektrobritvy/saturn/
;;;Электробритвы Vitek;http://20k.com.ua/elektrobritvy/vitek/
;;Электрогрили;http://20k.com.ua/elektrogrili/;;;;;
;;;Электрогрили Polaris;http://20k.com.ua/elektrogrili/polaris/
;;;Электрогрили Redmond;http://20k.com.ua/elektrogrili/redmond/
;;Электропечи ;http://20k.com.ua/elektropechi/;;;;;
;;;Электропечи Saturn;http://20k.com.ua/elektropechi/saturn/
;;Электрочайники ;http://20k.com.ua/elektrochajniki/;;;;;
;;;Электрочайники Acme;http://20k.com.ua/elektrochajniki/acme/
;;;Электрочайники Bosch;http://20k.com.ua/elektrochajniki/bosch/
;;;Электрочайники Braun;http://20k.com.ua/elektrochajniki/braun/
;;;Электрочайники DELFA;http://20k.com.ua/elektrochajniki/delfa/
;;;Электрочайники DeLonghi ;http://20k.com.ua/elektrochajniki/delonghi/
;;;Электрочайники Electrolux;http://20k.com.ua/elektrochajniki/electrolux/
;;;Электрочайники Ergo;http://20k.com.ua/elektrochajniki/ergo/
;;;Электрочайники Gorenje ;http://20k.com.ua/elektrochajniki/gorenje/
;;;Электрочайники Kenwood;http://20k.com.ua/elektrochajniki/kenwood/
;;;Электрочайники LUMINARC;http://20k.com.ua/elektrochajniki/luminarc/
;;;Электрочайники Maxwell;http://20k.com.ua/elektrochajniki/maxwell/
;;;Электрочайники Moulinex;http://20k.com.ua/elektrochajniki/moulinex/
;;;Электрочайники Panasonic;http://20k.com.ua/elektrochajniki/panasonic/
;;;Электрочайники Philips;http://20k.com.ua/elektrochajniki/philips/
;;;Электрочайники Polaris;http://20k.com.ua/elektrochajniki/polaris/
;;;Электрочайники Redmond;http://20k.com.ua/elektrochajniki/redmond/
;;;Электрочайники Rotex;http://20k.com.ua/elektrochajniki/rotex/
;;;Электрочайники Saturn;http://20k.com.ua/elektrochajniki/saturn/
;;;Электрочайники Scarlett;http://20k.com.ua/elektrochajniki/scarlett/
;;;Электрочайники Shivaki;http://20k.com.ua/elektrochajniki/shivaki/
;;;Электрочайники Supra;http://20k.com.ua/elektrochajniki/supra/
;;;Электрочайники Tefal ;http://20k.com.ua/elektrochajniki/tefal/
;;;Электрочайники Vitek;http://20k.com.ua/elektrochajniki/vitek/
;;;Электрочайники Zanussi;http://20k.com.ua/elektrochajniki/zanussi/
;;;Электрочайники Zelmer;http://20k.com.ua/elektrochajniki/zelmer/
;;Эпиляторы;http://20k.com.ua/epilyatory/;;;;;
;;;Эпиляторы Braun;http://20k.com.ua/epilyatory/braun/
;;;Эпиляторы Panasonic;http://20k.com.ua/epilyatory/panasonic/
;;;Эпиляторы Philips;http://20k.com.ua/epilyatory/philips/
;;;Эпиляторы REMINGTON;http://20k.com.ua/epilyatory/remington/
;;;Эпиляторы Rowenta;http://20k.com.ua/epilyatory/rowenta/
;Мультимедиа,ПК;http:///multimedia/;;;;;
;;WIFI роутеры, маршрутизаторы ;http://20k.com.ua/wifi-routery-marshrutizatory/;;;;;
;;;WIFI роутеры, маршрутизаторы 3Q;http://20k.com.ua/wifi-routery-marshrutizatory/3q/
;;;WIFI роутеры, маршрутизаторы Asus;http://20k.com.ua/wifi-routery-marshrutizatory/asus/
;;;WIFI роутеры, маршрутизаторы Cisco;http://20k.com.ua/wifi-routery-marshrutizatory/cisco/
;;;WIFI роутеры, маршрутизаторы D-LINK;http://20k.com.ua/wifi-routery-marshrutizatory/d-link/
;;;WIFI роутеры, маршрутизаторы Huawei;http://20k.com.ua/wifi-routery-marshrutizatory/huawei/
;;;WIFI роутеры, маршрутизаторы LINKSYS;http://20k.com.ua/wifi-routery-marshrutizatory/linksys/
;;;WIFI роутеры, маршрутизаторы Netis;http://20k.com.ua/wifi-routery-marshrutizatory/netis/
;;;WIFI роутеры, маршрутизаторы Panasonic;http://20k.com.ua/wifi-routery-marshrutizatory/panasonic/
;;;WIFI роутеры, маршрутизаторы TP-LINK;http://20k.com.ua/wifi-routery-marshrutizatory/tp-link/
;;;WIFI роутеры, маршрутизаторы TRENDnet;http://20k.com.ua/wifi-routery-marshrutizatory/trendnet/
;;;WIFI роутеры, маршрутизаторы Xiaomi;http://20k.com.ua/wifi-routery-marshrutizatory/xiaomi/
;;Аксессуары для телевизоров;http://20k.com.ua/aksessuary-dlya-televizorov/;;;;;
;;;Аксессуары для телевизоров LG;http://20k.com.ua/aksessuary-dlya-televizorov/lg/
;;;Аксессуары для телевизоров Philips;http://20k.com.ua/aksessuary-dlya-televizorov/philips/
;;;Аксессуары для телевизоров Samsung;http://20k.com.ua/aksessuary-dlya-televizorov/samsung/
;;Аксессуары для фотоаппаратов;http://20k.com.ua/aksessuary-dlya-fotoapparatov/;;;;;
;;;Аксессуары для фотоаппаратов Canon;http://20k.com.ua/aksessuary-dlya-fotoapparatov/canon/
;;;Аксессуары для фотоаппаратов LENSPEN;http://20k.com.ua/aksessuary-dlya-fotoapparatov/lenspen/
;;;Аксессуары для фотоаппаратов NIKKOR;http://20k.com.ua/aksessuary-dlya-fotoapparatov/nikkor/
;;;Аксессуары для фотоаппаратов Nikon;http://20k.com.ua/aksessuary-dlya-fotoapparatov/nikon/
;;;Аксессуары для фотоаппаратов Olympus;http://20k.com.ua/aksessuary-dlya-fotoapparatov/olympus/
;;;Аксессуары для фотоаппаратов Samsung;http://20k.com.ua/aksessuary-dlya-fotoapparatov/samsung/
;;;Аксессуары для фотоаппаратов Sigma;http://20k.com.ua/aksessuary-dlya-fotoapparatov/sigma/
;;Блоки питания для ПК;http://20k.com.ua/bloki-pitaniya-dlya-pk/;;;;;
;;Веб-камеры;http://20k.com.ua/veb-kamery/;;;;;
;;;Веб-камеры Logitech;http://20k.com.ua/veb-kamery/logitech/
;;;Веб-камеры Trust;http://20k.com.ua/veb-kamery/trust/
;;Видеокамеры;http://20k.com.ua/videokamery/;;;;;
;;;Видеокамеры Canon;http://20k.com.ua/videokamery/canon/
;;;Видеокамеры Panasonic;http://20k.com.ua/videokamery/panasonic/
;;Видеокарты;http://20k.com.ua/videokarty/;;;;;
;;;Видеокарты Asus;http://20k.com.ua/videokarty/asus/
;;;Видеокарты MSI;http://20k.com.ua/videokarty/msi/
;;Игровые приставки;http://20k.com.ua/igrovye-pristavki/;;;;;
;;;Игровые приставки Microsoft Xbox One;http://20k.com.ua/igrovye-pristavki/microsoft-xbox-one/
;;;Игровые приставки Sony;http://20k.com.ua/igrovye-pristavki/sony/
;;Источники бесперебойного питания (ИБП);http://20k.com.ua/istochniki-besperebojnogo-pitaniya-ibp/;;;;;
;;;Источники бесперебойного питания (ИБП) AEG;http://20k.com.ua/istochniki-besperebojnogo-pitaniya-ibp/aeg/
;;;Источники бесперебойного питания (ИБП) MGE;http://20k.com.ua/istochniki-besperebojnogo-pitaniya-ibp/mge/
;;;Источники бесперебойного питания (ИБП) Trust;http://20k.com.ua/istochniki-besperebojnogo-pitaniya-ibp/trust/
;;Камеры видеонаблюдения;http://20k.com.ua/kamery-videonablyudeniya/;;;;;
;;;Камеры видеонаблюдения Canon;http://20k.com.ua/kamery-videonablyudeniya/canon/
;;;Камеры видеонаблюдения Gazer;http://20k.com.ua/kamery-videonablyudeniya/gazer/
;;Корпуса для ПК;http://20k.com.ua/korpusa-dlya-pk/;;;;;
;;;Корпуса для ПК DELUX;http://20k.com.ua/korpusa-dlya-pk/delux/
;;;Корпуса для ПК DTS;http://20k.com.ua/korpusa-dlya-pk/dts/
;;;Корпуса для ПК LOGICPOWER;http://20k.com.ua/korpusa-dlya-pk/logicpower/
;;;Корпуса для ПК SPIRE;http://20k.com.ua/korpusa-dlya-pk/spire/
;;Материнские платы;http://20k.com.ua/materinskie-platy/;;;;;
;;;Материнские платы ASROCK;http://20k.com.ua/materinskie-platy/asrock/
;;;Материнские платы Asus;http://20k.com.ua/materinskie-platy/asus/
;;Медиаплееры;http://20k.com.ua/mediapleery/;;;;;
;;;Медиаплееры 3Q;http://20k.com.ua/mediapleery/3q/
;;;Медиаплееры Aura;http://20k.com.ua/mediapleery/aura/
;;;Медиаплееры Bravis;http://20k.com.ua/mediapleery/bravis/
;;;Медиаплееры Ergo;http://20k.com.ua/mediapleery/ergo/
;;;Медиаплееры HY;http://20k.com.ua/mediapleery/hy/
;;;Медиаплееры MP3 player;http://20k.com.ua/mediapleery/mp3-player/
;;;Медиаплееры Panasonic;http://20k.com.ua/mediapleery/panasonic/
;;;Медиаплееры Transcend;http://20k.com.ua/mediapleery/transcend/
;;;Медиаплееры Xiaomi;http://20k.com.ua/mediapleery/xiaomi/
;;Мини-компьютеры;http://20k.com.ua/mini-kompyutery/;;;;;
;;;Мини-компьютеры 3Q;http://20k.com.ua/mini-kompyutery/3q/
;;Мониторы для ПК;http://20k.com.ua/monitory-dlya-pk/;;;;;
;;;Мониторы для ПК Acer;http://20k.com.ua/monitory-dlya-pk/acer/
;;;Мониторы для ПК AOC;http://20k.com.ua/monitory-dlya-pk/aoc/
;;;Мониторы для ПК Asus;http://20k.com.ua/monitory-dlya-pk/asus/
;;;Мониторы для ПК LG;http://20k.com.ua/monitory-dlya-pk/lg/
;;;Мониторы для ПК Philips;http://20k.com.ua/monitory-dlya-pk/philips/
;;;Мониторы для ПК Samsung;http://20k.com.ua/monitory-dlya-pk/samsung/
;;Музыкальные центры, мини- и микро- аудиосистемы;http://20k.com.ua/muzykalnye-centry-mini-i-mikro-audiosistemy/;;;;;
;;;Музыкальные центры, мини- и микро- аудиосистемы LG;http://20k.com.ua/muzykalnye-centry-mini-i-mikro-audiosistemy/lg/
;;;Музыкальные центры, мини- и микро- аудиосистемы Panasonic;http://20k.com.ua/muzykalnye-centry-mini-i-mikro-audiosistemy/panasonic/
;;;Музыкальные центры, мини- и микро- аудиосистемы Philips;http://20k.com.ua/muzykalnye-centry-mini-i-mikro-audiosistemy/philips/
;;;Музыкальные центры, мини- и микро- аудиосистемы Samsung;http://20k.com.ua/muzykalnye-centry-mini-i-mikro-audiosistemy/samsung/
;;;Музыкальные центры, мини- и микро- аудиосистемы Sony;http://20k.com.ua/muzykalnye-centry-mini-i-mikro-audiosistemy/sony/
;;Настольные компьютеры;http://20k.com.ua/nastolnye-kompyutery/;;;;;
;;;Настольные компьютеры Asus;http://20k.com.ua/nastolnye-kompyutery/asus/
;;;Настольные компьютеры Lenovo;http://20k.com.ua/nastolnye-kompyutery/lenovo/
;;;Настольные компьютеры SHUTTLE;http://20k.com.ua/nastolnye-kompyutery/shuttle/
;;Ноутбуки;http://20k.com.ua/noutbuki/;;;;;
;;;Ноутбуки Acer;http://20k.com.ua/noutbuki/acer/
;;;Ноутбуки Asus;http://20k.com.ua/noutbuki/asus/
;;;Ноутбуки Dell;http://20k.com.ua/noutbuki/dell/
;;;Ноутбуки HP;http://20k.com.ua/noutbuki/hp/
;;;Ноутбуки Lenovo;http://20k.com.ua/noutbuki/lenovo/
;;;Ноутбуки MSI;http://20k.com.ua/noutbuki/msi/
;;Память для ПК и ноутбуков;http://20k.com.ua/pamyat-dlya-pk-i-noutbukov/;;;;;
;;;Память для ПК и ноутбуков GoodRAM;http://20k.com.ua/pamyat-dlya-pk-i-noutbukov/goodram/
;;;Память для ПК и ноутбуков Kingston ;http://20k.com.ua/pamyat-dlya-pk-i-noutbukov/kingston/
;;;Память для ПК и ноутбуков Silicon Power;http://20k.com.ua/pamyat-dlya-pk-i-noutbukov/silicon-power/
;;Планшеты;http://20k.com.ua/planshety/;;;;;
;;;Планшеты 3Q;http://20k.com.ua/planshety/3q/
;;;Планшеты Acer;http://20k.com.ua/planshety/acer/
;;;Планшеты Apache;http://20k.com.ua/planshety/apache/
;;;Планшеты Apple;http://20k.com.ua/planshety/apple/
;;;Планшеты Assistant ;http://20k.com.ua/planshety/assistant/
;;;Планшеты Asus;http://20k.com.ua/planshety/asus/
;;;Планшеты Bravis;http://20k.com.ua/planshety/bravis/
;;;Планшеты Fly;http://20k.com.ua/planshety/fly/
;;;Планшеты FreeLander;http://20k.com.ua/planshety/freelander/
;;;Планшеты Globex;http://20k.com.ua/planshety/globex/
;;;Планшеты Huawei;http://20k.com.ua/planshety/huawei/
;;;Планшеты Impression;http://20k.com.ua/planshety/impression/
;;;Планшеты JeKa ;http://20k.com.ua/planshety/jeka/
;;;Планшеты Lenovo;http://20k.com.ua/planshety/lenovo/
;;;Планшеты LG;http://20k.com.ua/planshety/lg/
;;;Планшеты Pipo;http://20k.com.ua/planshety/pipo/
;;;Планшеты Prestigio;http://20k.com.ua/planshety/prestigio/
;;;Планшеты Samsung;http://20k.com.ua/planshety/samsung/
;;;Планшеты Sigma;http://20k.com.ua/planshety/sigma/
;;;Планшеты Sony;http://20k.com.ua/planshety/sony/
;;;Планшеты Wacom;http://20k.com.ua/planshety/wacom/
;;Принтеры и МФУ;http://20k.com.ua/printery-i-mfu/;;;;;
;;;Принтеры и МФУ BROTHER;http://20k.com.ua/printery-i-mfu/brother/
;;;Принтеры и МФУ Canon;http://20k.com.ua/printery-i-mfu/canon/
;;;Принтеры и МФУ Epson;http://20k.com.ua/printery-i-mfu/epson/
;;;Принтеры и МФУ HP;http://20k.com.ua/printery-i-mfu/hp/
;;;Принтеры и МФУ LAZER Copy;http://20k.com.ua/printery-i-mfu/lazer-copy/
;;;Купить принтеры Canon для дома в Украине;http://20k.com.ua/printery-i-mfu/printerscanon_for_home/
;;;Купить принтеры hp струйные в Украине;http://20k.com.ua/printery-i-mfu/printershp_Inkjet/
;;;Купить принтеры Epson струйные в Украине;http://20k.com.ua/printery-i-mfu/printers_epson/
;;;Купить принтеры xerox в Украине;http://20k.com.ua/printery-i-mfu/printers_xerox/
;;;Принтеры и МФУ Samsung;http://20k.com.ua/printery-i-mfu/samsung/
;;;Принтеры и МФУ Xerox;http://20k.com.ua/printery-i-mfu/xerox/
;;Проекторы;http://20k.com.ua/proektory/;;;;;
;;;Проекторы Canon;http://20k.com.ua/proektory/canon/
;;Процессоры;http://20k.com.ua/processory/;;;;;
;;;Процессоры AMD;http://20k.com.ua/processory/amd/
;;;Процессоры Intel Core;http://20k.com.ua/processory/intel-core/
;;Телевизоры;http://20k.com.ua/televizory/;;;;;
;;;Телевизоры BBK;http://20k.com.ua/televizory/bbk/
;;;Телевизоры черные;http://20k.com.ua/televizory/black_tv/
;;;Телевизоры Bravis;http://20k.com.ua/televizory/bravis/
;;;Телевизоры Digital;http://20k.com.ua/televizory/digital/
;;;Телевизоры Ergo;http://20k.com.ua/televizory/ergo/
;;;Телевизоры Honda;http://20k.com.ua/televizory/honda/
;;;Телевизоры LG;http://20k.com.ua/televizory/lg/
;;;Телевизоры lg черные;http://20k.com.ua/televizory/lgblack_tv/
;;;Телевизоры lg смарт тв;http://20k.com.ua/televizory/lgsmart_tv/
;;;Телевизоры Philips;http://20k.com.ua/televizory/philips/
;;;Телевизоры Rotex;http://20k.com.ua/televizory/rotex/
;;;Телевизоры Samsung;http://20k.com.ua/televizory/samsung/
;;;Телевизоры самсунг черные;http://20k.com.ua/televizory/samsungblack_tv/
;;;Телевизоры самсунг с смарт тв;http://20k.com.ua/televizory/samsungsmart_tv/
;;;Телевизоры самсунг белые;http://20k.com.ua/televizory/samsungwhite_tv/
;;;Телевизоры Saturn;http://20k.com.ua/televizory/saturn/
;;;Телевизоры smart tv с wifi;http://20k.com.ua/televizory/smarttv_with_wifi/
;;;Телевизоры Sony;http://20k.com.ua/televizory/sony/
;;;Телевизоры Supra;http://20k.com.ua/televizory/supra/
;;;Телевизоры белого цвета;http://20k.com.ua/televizory/white_tv/
;;;Телевизоры X-Digital;http://20k.com.ua/televizory/x-digital/
;;;Телевизоры Xiaomi;http://20k.com.ua/televizory/xiaomi/
;;Телефоны стационарные;http://20k.com.ua/telefony-stacionarnye/;;;;;
;;;Телефоны стационарные Panasonic;http://20k.com.ua/telefony-stacionarnye/panasonic/
;;;Телефоны стационарные Rotex;http://20k.com.ua/telefony-stacionarnye/rotex/
;;Фотоаппараты;http://20k.com.ua/fotoapparaty/;;;;;
;;;Фотоаппараты Canon;http://20k.com.ua/fotoapparaty/canon/
;;;Фотоаппараты Fuji;http://20k.com.ua/fotoapparaty/fuji/
;;;Фотоаппараты GENERAL ELECTRIC;http://20k.com.ua/fotoapparaty/general-electric/
;;;Фотоаппараты Nikon;http://20k.com.ua/fotoapparaty/nikon/
;;;Фотоаппараты Olympus;http://20k.com.ua/fotoapparaty/olympus/
;;;Фотоаппараты Panasonic;http://20k.com.ua/fotoapparaty/panasonic/
;;;Фотоаппараты Samsung;http://20k.com.ua/fotoapparaty/samsung/
;;;Фотоаппараты Sony;http://20k.com.ua/fotoapparaty/sony/
;;Штативы;http://20k.com.ua/shtativy/;;;;;
;;;Штативы JOBY;http://20k.com.ua/shtativy/joby/
;;;Штативы VELBON;http://20k.com.ua/shtativy/velbon/
;;Экшн-камеры;http://20k.com.ua/ekshn-kamery/;;;;;
;;;Видеокамеры CAMsports;http://20k.com.ua/ekshn-kamery/camsports/
;;;Видеокамеры GoPro;http://20k.com.ua/ekshn-kamery/gopro/
;;;Видеокамеры SJCAM;http://20k.com.ua/ekshn-kamery/sjcam/
;;;Видеокамеры Xiaomi;http://20k.com.ua/ekshn-kamery/xiaomi/
;;Электронные книги;http://20k.com.ua/elektronnye-knigi/;;;;;
;;;Электронные книги Amazon;http://20k.com.ua/elektronnye-knigi/amazon/
;;;Электронные книги Kindle;http://20k.com.ua/elektronnye-knigi/kindle/
;;;Электронные книги Pocketbook ;http://20k.com.ua/elektronnye-knigi/pocketbook/
;Сантехника;http:///mojki-i-smesiteli/;;;;;
;;Бойлер;http://20k.com.ua/bojler/;;;;;
;;;Бойлер Ariston;http://20k.com.ua/bojler/ariston/
;;;Бойлер CHAIKA;http://20k.com.ua/bojler/chaika/
;;;Бойлер Eldom;http://20k.com.ua/bojler/eldom/
;;;Бойлер Electrolux;http://20k.com.ua/bojler/electrolux/
;;;Бойлер ETALON;http://20k.com.ua/bojler/etalon/
;;;Бойлер GARANTERM;http://20k.com.ua/bojler/garanterm/
;;;Бойлер Gorenje ;http://20k.com.ua/bojler/gorenje/
;;;Бойлер NOVA TEC;http://20k.com.ua/bojler/nova-tec/
;;;Бойлер THERMEX;http://20k.com.ua/bojler/thermex/
;;Мойки кухонные;http://20k.com.ua/mojki-kuhonnye/;;;;;
;;;Мойки гранитные;http://20k.com.ua/mojki/;;;;
;;;;Мойки гранитные Fabiano;http://20k.com.ua/mojki/fabiano/
;;;Мойки из нержавеющей стали;http://20k.com.ua/mojki-iz-nerzhaveyushej-stali/;;;;
;;;;Мойки из нержавеющей стали Fabiano;http://20k.com.ua/mojki-iz-nerzhaveyushej-stali/fabiano/
;;Смесители ;http://20k.com.ua/smesiteli/;;;;;
;;;Смесители Fabiano;http://20k.com.ua/smesiteli/fabiano/
;Телефоны - Смартфоны;http:///mobilnye-telefony/;;;;;
;;Телефоны - Смартфоны Alcatel;http://20k.com.ua/mobilnye-telefony/alcatel/
;;Телефоны - Смартфоны Apple;http://20k.com.ua/mobilnye-telefony/apple/
;;Телефоны - Смартфоны Asus;http://20k.com.ua/mobilnye-telefony/asus/
;;Телефоны - Смартфоны BlackBerry;http://20k.com.ua/mobilnye-telefony/blackberry/
;;Телефоны - Смартфоны Bravis;http://20k.com.ua/mobilnye-telefony/bravis/
;;Телефоны - Смартфоны Caterpillar;http://20k.com.ua/mobilnye-telefony/caterpillar/
;;Телефоны - Смартфоны DOOGEE;http://20k.com.ua/mobilnye-telefony/doogee/
;;Телефоны - Смартфоны ELARI;http://20k.com.ua/mobilnye-telefony/elari/
;;Телефоны - Смартфоны Fly;http://20k.com.ua/mobilnye-telefony/fly/
;;Мобильные телефоны для детей;http://20k.com.ua/mobilnye-telefony/for_children/
;;Cмартфоны для девушек;http://20k.com.ua/mobilnye-telefony/for_girl/
;;Телефоны для пожилых людей;http://20k.com.ua/mobilnye-telefony/for_olderpeople/
;;Телефоны - Смартфоны Galicia;http://20k.com.ua/mobilnye-telefony/galicia/
;;Телефоны - Смартфоны Gigabyte;http://20k.com.ua/mobilnye-telefony/gigabyte/
;;Телефоны - Смартфоны Globex;http://20k.com.ua/mobilnye-telefony/globex/
;;Телефоны - Смартфоны HTC;http://20k.com.ua/mobilnye-telefony/htc/
;;Телефоны - Смартфоны Huawei;http://20k.com.ua/mobilnye-telefony/huawei/
;;Телефоны - Смартфоны Impression;http://20k.com.ua/mobilnye-telefony/impression/
;;Телефоны - Смартфоны iStar;http://20k.com.ua/mobilnye-telefony/istar/
;;Телефоны - Смартфоны JCB;http://20k.com.ua/mobilnye-telefony/jcb/
;;Смартфоны Lenovo;http://20k.com.ua/mobilnye-telefony/lenovo/
;;Телефоны смартфоны Леново черного цвета;http://20k.com.ua/mobilnye-telefony/lenovo_black/
;;Телефоны смартфоны Леново синего цвета;http://20k.com.ua/mobilnye-telefony/lenovo_blue/
;;Телефоны смартфоны Леново розового цвета;http://20k.com.ua/mobilnye-telefony/lenovo_pink/
;;Телефоны смартфоны Леново красного цвета;http://20k.com.ua/mobilnye-telefony/lenovo_red/
;;Телефоны смартфоны Леново серебряного цвета;http://20k.com.ua/mobilnye-telefony/lenovo_silver/
;;Телефоны смартфоны Леново белого цвета;http://20k.com.ua/mobilnye-telefony/lenovo_white/
;;Телефоны смартфоны Леново желтого цвета;http://20k.com.ua/mobilnye-telefony/lenovo_yellow/
;;Телефоны - Смартфоны LG;http://20k.com.ua/mobilnye-telefony/lg/
;;Телефоны - Смартфоны Meizu;http://20k.com.ua/mobilnye-telefony/meizu/
;;Телефоны - Смартфоны Nokia;http://20k.com.ua/mobilnye-telefony/nokia/
;;Телефоны - Смартфоны Philips;http://20k.com.ua/mobilnye-telefony/philips/
;;Телефоны - Смартфоны Prestigio;http://20k.com.ua/mobilnye-telefony/prestigio/
;;Телефоны - Смартфоны Samsung;http://20k.com.ua/mobilnye-telefony/samsung/
;;Телефоны - Смартфоны Senseit;http://20k.com.ua/mobilnye-telefony/senseit/
;;Телефоны - Смартфоны Sigma;http://20k.com.ua/mobilnye-telefony/sigma/
;;Телефоны - Смартфоны Sony;http://20k.com.ua/mobilnye-telefony/sony/
;;Телефоны - Смартфоны Texet;http://20k.com.ua/mobilnye-telefony/texet/
;;Телефоны - Смартфоны Xiaomi;http://20k.com.ua/mobilnye-telefony/xiaomi/
